index,leiden
AAACATACAACCAC-1,5
AAACATTGAGCTAC-1,2
AAACATTGATCAGC-1,0
AAACCGTGCTTCCG-1,1
AAACCGTGTATGCG-1,8
AAACGCACTGGTAC-1,4
AAACGCTGACCAGT-1,5
AAACGCTGGTTCTT-1,5
AAACGCTGTAGCCA-1,4
AAACGCTGTTTCTG-1,7
AAACTTGAAAAACG-1,2
AAACTTGATCCAGA-1,3
AAAGAGACGAGATA-1,0
AAAGAGACGCGAGA-1,1
AAAGAGACGGACTT-1,5
AAAGAGACGGCATT-1,4
AAAGATCTGGGCAA-1,1
AAAGCAGAAGCCAT-1,5
AAAGCAGATATCGG-1,1
AAAGCCTGTATGCG-1,0
AAAGGCCTGTCTAG-1,2
AAAGTTTGATCACG-1,2
AAAGTTTGGGGTGA-1,2
AAAGTTTGTAGAGA-1,4
AAAGTTTGTAGCGT-1,1
AAATCAACAATGCC-1,2
AAATCAACACCAGT-1,4
AAATCAACCAGGAG-1,9
AAATCAACCCTATT-1,7
AAATCAACGGAAGC-1,3
AAATCAACTCGCAA-1,4
AAATCATGACCACA-1,7
AAATCCCTCCACAA-1,4
AAATCCCTGCTATG-1,2
AAATGTTGAACGAA-1,1
AAATGTTGCCACAA-1,0
AAATGTTGTGGCAT-1,1
AAATTCGAAGGTTC-1,4
AAATTCGAATCACG-1,1
AAATTCGAGCTGAT-1,7
AAATTCGAGGAGTG-1,9
AAATTCGATTCTCA-1,8
AAATTGACACGACT-1,5
AAATTGACTCGCTC-1,0
AACAAACTCATTTC-1,3
AACAAACTTTCGTT-1,3
AACAATACGACGAG-1,3
AACACGTGCAGAGG-1,0
AACACGTGGAAAGT-1,3
AACACGTGGAACCT-1,1
AACACGTGGCTACA-1,9
AACACGTGTACGAC-1,7
AACAGCACAAGAGT-1,1
AACATTGATGGGAG-1,7
AACCAGTGATACCG-1,7
AACCCAGATCGCTC-1,4
AACCGATGCTCCCA-1,0
AACCGATGGTCATG-1,2
AACCGATGTTCTAC-1,1
AACCGCCTAGCGTT-1,0
AACCGCCTCTACGA-1,1
AACCTACTGTGAGG-1,1
AACCTACTGTGTTG-1,9
AACCTTACGAGACG-1,3
AACCTTACGCGAGA-1,8
AACCTTACTAACGC-1,7
AACCTTTGGACGGA-1,3
AACCTTTGTACGCA-1,7
AACGCAACAAGTAG-1,0
AACGCATGACCCAA-1,0
AACGCATGCCTTCG-1,9
AACGCATGTACTTC-1,0
AACGCCCTCGGGAA-1,0
AACGCCCTCGTACA-1,8
AACGCCCTGCTTAG-1,2
AACGCCCTGGCATT-1,0
AACGTCGAGTATCG-1,8
AACGTGTGAAAGCA-1,0
AACGTGTGGCGGAA-1,2
AACGTGTGTCCAAG-1,4
AACGTGTGTGCTTT-1,0
AACTACCTTAGAGA-1,3
AACTCACTCAAGCT-1,1
AACTCACTTGGAGG-1,1
AACTCGGAAAGTGA-1,5
AACTCGGAAGGTCT-1,1
AACTCTTGCAGGAG-1,0
AACTGTCTCCCTTG-1,1
AACTTGCTACGCTA-1,2
AACTTGCTGGGACA-1,3
AAGAACGAGTGTTG-1,3
AAGAAGACGTAGGG-1,2
AAGACAGAAGTCTG-1,2
AAGACAGAGGATCT-1,3
AAGACAGATTACCT-1,1
AAGAGATGGGTAGG-1,2
AAGATGGAAAACAG-1,2
AAGATGGAGAACTC-1,1
AAGATGGAGATAAG-1,1
AAGATTACAACCTG-1,4
AAGATTACAGATCC-1,1
AAGATTACCCGTTC-1,1
AAGATTACCGCCTT-1,10
AAGATTACCTCAAG-1,8
AAGATTACTCCTCG-1,1
AAGCAAGAGCGAGA-1,5
AAGCAAGAGCTTAG-1,6
AAGCAAGAGGTGTT-1,8
AAGCACTGAGCAAA-1,2
AAGCACTGCATACG-1,4
AAGCACTGGTTCTT-1,2
AAGCCAACGTGTTG-1,3
AAGCCATGAACTGC-1,10
AAGCCATGACACGT-1,1
AAGCCATGCGTGAT-1,0
AAGCCATGTCTCGC-1,4
AAGCCTGACATGCA-1,0
AAGCCTGACCGAAT-1,1
AAGCGACTCCTCAC-1,7
AAGCGACTGTGTCA-1,9
AAGCGACTTACAGC-1,2
AAGCGACTTTGACG-1,7
AAGCGTACGTCTTT-1,9
AAGGCTTGCGAACT-1,6
AAGGTCACGGTTAC-1,1
AAGGTCACTGTTTC-1,2
AAGGTCACTTCCCG-1,5
AAGGTCTGACAGTC-1,3
AAGGTCTGCAGATC-1,4
AAGGTCTGGTATGC-1,1
AAGTAACTCTGAAC-1,1
AAGTAACTGAGATA-1,2
AAGTAGGATACAGC-1,8
AAGTATACCGAACT-1,0
AAGTCCGACTTGTT-1,3
AAGTCCGATAGAAG-1,9
AAGTCTCTAGTCGT-1,3
AAGTCTCTCGGAGA-1,6
AAGTGGCTTGGAGG-1,2
AAGTTCCTCATTCT-1,7
AAGTTCCTTCTTAC-1,5
AATAAGCTCGAATC-1,0
AATAAGCTCGTTGA-1,4
AATACCCTGGACGA-1,2
AATACCCTGGCATT-1,3
AATACTGAAAGGGC-1,6
AATACTGAATTGGC-1,8
AATAGGGAACCCTC-1,2
AATAGGGAGAATGA-1,6
AATCAAACTATCGG-1,5
AATCCGGAATGCTG-1,2
AATCCTACCGGTAT-1,3
AATCCTTGACGGGA-1,1
AATCCTTGGTGAGG-1,8
AATCGGTGGAACTC-1,5
AATCGGTGTGCTTT-1,9
AATCTAGAAAAGTG-1,0
AATCTAGAATCGGT-1,9
AATCTCACAGCCTA-1,1
AATCTCACTCTAGG-1,3
AATCTCTGAACAGA-1,3
AATCTCTGCTTTAC-1,8
AATGATACACCAAC-1,6
AATGATACGGTCAT-1,1
AATGCGTGACACCA-1,2
AATGCGTGGACGGA-1,10
AATGCGTGGCTATG-1,2
AATGGAGAATCGTG-1,1
AATGGAGATCCTTA-1,5
AATGGCTGACACCA-1,2
AATGGCTGCGTGAT-1,0
AATGGCTGTAAAGG-1,5
AATGGCTGTACTCT-1,6
AATGGCTGTGAAGA-1,3
AATGTAACGGTGGA-1,3
AATGTAACGTTTGG-1,5
AATGTCCTCTTCTA-1,0
AATGTTGACAGTCA-1,0
AATGTTGAGTTGAC-1,1
AATGTTGATCTACT-1,0
AATTACGAATTCCT-1,10
AATTACGACTTCTA-1,3
AATTACGAGTAGCT-1,5
AATTACGAGTGAGG-1,0
AATTACGATTGGCA-1,2
AATTCCTGCTCAGA-1,2
AATTGATGTCGCAA-1,7
AATTGTGACTTGGA-1,2
ACAAAGGAGGGTGA-1,4
ACAAATTGATTCTC-1,7
ACAAATTGCTCAGA-1,1
ACAAATTGTTGCGA-1,8
ACAACCGAGGGATG-1,8
ACAACCGAGTTACG-1,0
ACAAGAGAAGTCGT-1,1
ACAAGAGACTTATC-1,4
ACAAGAGAGTTGAC-1,2
ACAATCCTAACCGT-1,0
ACAATCCTTAGCGT-1,2
ACAATTGACTGACA-1,6
ACAATTGATGACTG-1,8
ACACAGACACCTGA-1,1
ACACAGACCATACG-1,6
ACACCAGAGGGCAA-1,6
ACACCCTGGTGTTG-1,8
ACACGAACAGTTCG-1,0
ACACGATGACGCAT-1,5
ACACGATGATGTGC-1,1
ACACGATGTCGTAG-1,5
ACACGATGTGGTCA-1,6
ACAGACACGGCATT-1,5
ACAGACACGTTGTG-1,0
ACAGCAACACCTAG-1,1
ACAGCAACCTCAAG-1,7
ACAGGTACCCCACT-1,3
ACAGGTACGCTGTA-1,5
ACAGGTACTGGTGT-1,8
ACAGTCGACCCAAA-1,4
ACAGTCGACCGATA-1,6
ACAGTGACTCACCC-1,5
ACAGTGACTCTATC-1,5
ACAGTGTGGTCACA-1,3
ACAGTGTGTTGCGA-1,1
ACATCACTCTACTT-1,1
ACATGGTGAAGCCT-1,0
ACATGGTGCAACCA-1,2
ACATGGTGCGAGTT-1,3
ACATGGTGCGTTGA-1,5
ACATTCTGGCATAC-1,0
ACATTCTGGGAACG-1,1
ACCAACGACATGCA-1,4
ACCACAGAAAGTAG-1,0
ACCACAGAGTTGGT-1,4
ACCACCTGTGTGCA-1,3
ACCACGCTACAGCT-1,3
ACCACGCTACCCAA-1,6
ACCACGCTGCGAGA-1,4
ACCACGCTGCTGTA-1,0
ACCAGCCTGACAGG-1,0
ACCAGTGAACGGTT-1,2
ACCAGTGAATACCG-1,7
ACCAGTGAGGGATG-1,9
ACCAGTGATGACTG-1,1
ACCATTACCTTCTA-1,3
ACCATTACGAGATA-1,0
ACCATTTGTCATTC-1,3
ACCCAAGAACTGTG-1,6
ACCCAAGAATTCCT-1,7
ACCCAAGAGGACAG-1,0
ACCCAAGATTCACT-1,2
ACCCACTGCGCCTT-1,1
ACCCACTGGACAGG-1,3
ACCCACTGGTTCAG-1,11
ACCCACTGTCGTAG-1,1
ACCCAGCTCAGAAA-1,0
ACCCAGCTGTTAGC-1,1
ACCCAGCTTGCTTT-1,3
ACCCGTTGATGACC-1,2
ACCCGTTGCTGCAA-1,3
ACCCGTTGCTTCTA-1,2
ACCCTCGACCTATT-1,0
ACCCTCGACGGTAT-1,2
ACCCTCGATAAGGA-1,1
ACCCTCGATCAAGC-1,7
ACCGTGCTACCAGT-1,4
ACCGTGCTGGAACG-1,2
ACCTATTGCTGAGT-1,2
ACCTATTGTGCCCT-1,7
ACCTCCGAGTCCTC-1,0
ACCTCCGATATGCG-1,4
ACCTCCGATGCTGA-1,4
ACCTCGTGAACCAC-1,5
ACCTGAGATATCGG-1,11
ACCTGGCTAAGTAG-1,8
ACCTGGCTGTCTTT-1,1
ACCTTTGACTCCCA-1,1
ACCTTTGAGGAACG-1,1
ACCTTTGAGGAAGC-1,1
ACGAACACCTTGTT-1,6
ACGAACTGGCTATG-1,11
ACGAAGCTCTCCAC-1,4
ACGAAGCTCTGAGT-1,2
ACGACCCTATCTCT-1,7
ACGACCCTGATGAA-1,4
ACGACCCTTGACAC-1,2
ACGACCCTTGACCA-1,3
ACGAGGGACAGGAG-1,10
ACGAGGGACGAACT-1,3
ACGAGGGATGTAGC-1,0
ACGAGTACCCTAAG-1,2
ACGAGTACGAATCC-1,2
ACGATCGAGGACTT-1,8
ACGATCGAGTCACA-1,1
ACGATGACAATGCC-1,0
ACGATGACTGGTCA-1,0
ACGATTCTACGGGA-1,4
ACGCAATGGTTCAG-1,8
ACGCACCTGTTAGC-1,2
ACGCCACTGAACTC-1,7
ACGCCGGAAACCAC-1,1
ACGCCGGAAAGCCT-1,3
ACGCCGGAAATGCC-1,0
ACGCCTTGCTCCCA-1,7
ACGCGGTGGCGAGA-1,3
ACGCGGTGTGTGGT-1,2
ACGCGGTGTTTGCT-1,6
ACGCTCACAGTACC-1,3
ACGCTCACCCTTGC-1,3
ACGCTGCTGTTCTT-1,8
ACGGAACTCAGATC-1,8
ACGGAACTGTCGTA-1,7
ACGGAGGACTCTTA-1,1
ACGGATTGGGAGGT-1,2
ACGGATTGGTTAGC-1,0
ACGGCTCTGAGCAG-1,0
ACGGCTCTTGCACA-1,3
ACGGTAACCGCTAA-1,0
ACGGTAACCTTCGC-1,6
ACGGTAACGGTGGA-1,4
ACGGTAACTCGCAA-1,5
ACGGTATGAGTCGT-1,1
ACGGTATGGGTATC-1,2
ACGGTATGGTTGTG-1,2
ACGGTCCTAACGGG-1,0
ACGGTCCTCGGGAA-1,0
ACGTAGACAACCAC-1,0
ACGTAGACTACAGC-1,2
ACGTCAGAAACGAA-1,0
ACGTCAGAGAGCTT-1,1
ACGTCAGAGGGATG-1,0
ACGTCCTGATAAGG-1,1
ACGTCCTGTGAACC-1,1
ACGTCGCTCCTGAA-1,6
ACGTCGCTCTATTC-1,1
ACGTCGCTTCTCAT-1,2
ACGTGATGCCATGA-1,10
ACGTGATGGGTCTA-1,9
ACGTGATGTAACCG-1,7
ACGTGATGTGACAC-1,8
ACGTGCCTCCGTAA-1,0
ACGTGCCTTCTATC-1,6
ACGTTACTTTCCAT-1,0
ACGTTGGAAAAGCA-1,4
ACGTTGGAAACCTG-1,6
ACGTTGGACCGTAA-1,1
ACGTTGGAGCCAAT-1,8
ACGTTGGATATGGC-1,2
ACGTTGGATCAGGT-1,1
ACGTTTACATCAGC-1,9
ACTAAAACCCACAA-1,4
ACTAAAACTCGACA-1,1
ACTACGGAATTTCC-1,0
ACTACGGACCTATT-1,3
ACTACGGATCGCTC-1,3
ACTACTACTAAGGA-1,9
ACTAGGTGGAACCT-1,0
ACTAGGTGGAACTC-1,0
ACTATCACCTTGGA-1,6
ACTATCACTGCCAA-1,3
ACTCAGGACTGAAC-1,3
ACTCAGGATCTATC-1,2
ACTCAGGATTCGTT-1,1
ACTCCTCTCAACTG-1,0
ACTCGCACGAAAGT-1,1
ACTCGCACTACGAC-1,1
ACTCTCCTGACACT-1,4
ACTCTCCTGCATAC-1,3
ACTCTCCTGTTTGG-1,3
ACTGAGACAACCAC-1,5
ACTGAGACCCATAG-1,7
ACTGAGACGTTGGT-1,2
ACTGCCACACACGT-1,5
ACTGCCACTCCGTC-1,8
ACTGGCCTTCAGTG-1,8
ACTGTGGACGTGTA-1,6
ACTGTGGATCTAGG-1,2
ACTGTTACCCACAA-1,1
ACTGTTACTGCAGT-1,9
ACTTAAGAACCACA-1,9
ACTTAAGACCACAA-1,9
ACTTAAGATTACTC-1,10
ACTTAGCTGCGTAT-1,7
ACTTAGCTGGGAGT-1,0
ACTTCAACAAGCAA-1,6
ACTTCAACGTAGGG-1,8
ACTTCCCTTTCCGC-1,3
ACTTCTGACATGCA-1,2
ACTTGACTCCACAA-1,2
ACTTGGGAGAAAGT-1,1
ACTTGGGAGGTTTG-1,0
ACTTGGGATGTGAC-1,7
ACTTGGGATTGACG-1,1
ACTTGTACCCGAAT-1,9
ACTTGTACCTGTCC-1,4
ACTTTGTGCGATAC-1,4
ACTTTGTGGAAAGT-1,3
ACTTTGTGGATAGA-1,1
AGAAACGAAAGTAG-1,2
AGAAAGTGCGCAAT-1,0
AGAAAGTGGGGATG-1,1
AGAACAGAAATGCC-1,8
AGAACAGACGACTA-1,2
AGAACAGAGACAAA-1,0
AGAACGCTTTGCTT-1,4
AGAAGATGTGACTG-1,0
AGAATGGAAGAAGT-1,6
AGAATTTGTAACCG-1,0
AGAATTTGTAGAGA-1,4
AGACACACTGTAGC-1,3
AGACACTGTCAAGC-1,1
AGACCTGAAGTAGA-1,1
AGACCTGACCAACA-1,0
AGACCTGAGGAAGC-1,5
AGACGTACAGAGGC-1,0
AGACGTACCCCTAC-1,2
AGACGTACCTCTTA-1,1
AGACGTACTCGTGA-1,7
AGACTGACCATCAG-1,6
AGACTGACCCTTTA-1,9
AGACTTCTCATGCA-1,2
AGAGATGACAGTCA-1,2
AGAGATGACTGAAC-1,3
AGAGATGAGGTTTG-1,1
AGAGATGATCTCGC-1,2
AGAGATGATTGTGG-1,9
AGAGCGGAGGCAAG-1,1
AGAGGTCTACAGCT-1,6
AGAGTCTGGTCGTA-1,7
AGAGTGCTCAGCTA-1,4
AGAGTGCTCGAATC-1,0
AGAGTGCTGTCATG-1,0
AGAGTGCTGTCCTC-1,5
AGAGTGCTGTGTTG-1,2
AGATATACCCGTAA-1,8
AGATATACGATGAA-1,4
AGATATACTGTTCT-1,2
AGATATTGCCTACC-1,5
AGATATTGGCCAAT-1,1
AGATCGTGTCTGGA-1,1
AGATCGTGTTTGTC-1,2
AGATCTCTATCACG-1,2
AGATTAACGTTCTT-1,7
AGATTCCTATCGTG-1,0
AGATTCCTCACTTT-1,1
AGATTCCTGACGAG-1,1
AGATTCCTGTTCAG-1,8
AGCAAAGATATGCG-1,3
AGCACAACAGTCTG-1,9
AGCACTGAGGGAGT-1,4
AGCACTGATATGCG-1,0
AGCACTGATGCTTT-1,10
AGCACTGATTGCGA-1,4
AGCATCGAAGATCC-1,0
AGCATCGAAGGGTG-1,2
AGCATCGAGCTTCC-1,1
AGCATCGAGTGAGG-1,0
AGCATCGATAACCG-1,1
AGCATGACGATGAA-1,6
AGCCAATGGGGAGT-1,7
AGCCAATGTATCTC-1,0
AGCCACCTGGATCT-1,6
AGCCGGTGCCAATG-1,0
AGCCGGTGTGTTTC-1,3
AGCCGTCTCAATCG-1,9
AGCCGTCTGAGAGC-1,0
AGCCTCACGTTCGA-1,3
AGCCTCACTGTCAG-1,1
AGCCTCTGCAGTTG-1,2
AGCCTCTGCCAATG-1,8
AGCGAACTGGATCT-1,9
AGCGAACTTACTGG-1,0
AGCGATACGGAGCA-1,9
AGCGATTGAGATCC-1,8
AGCGCCGAATCTCT-1,0
AGCGCCGACAGAGG-1,0
AGCGCTCTACCTTT-1,3
AGCGGCACCGGGAA-1,9
AGCGGCTGATGTGC-1,0
AGCGGGCTTGCCAA-1,3
AGCGTAACATGCTG-1,0
AGCGTAACTGAGAA-1,1
AGCTCGCTACTGGT-1,3
AGCTCGCTCTGCTC-1,9
AGCTGAACCATACG-1,7
AGCTGAACCTCTCG-1,3
AGCTGCCTTGGGAG-1,1
AGCTGCCTTTCATC-1,0
AGCTGCCTTTCTGT-1,5
AGCTGTGATCCAAG-1,5
AGCTTTACAAGTAG-1,3
AGCTTTACACCAAC-1,5
AGCTTTACTCTCAT-1,2
AGGAAATGAGGAGC-1,0
AGGAACCTCTTAGG-1,7
AGGAACCTTGCCTC-1,6
AGGAATGATAACGC-1,9
AGGAATGATTTGTC-1,0
AGGAGTCTGGTTTG-1,3
AGGAGTCTTGTCAG-1,3
AGGATAGACATTTC-1,0
AGGATAGAGGATTC-1,6
AGGATGCTACTAGC-1,2
AGGATGCTTTAGGC-1,8
AGGCAACTGAAGGC-1,0
AGGCAGGAGTACCA-1,5
AGGCCTCTAGTCGT-1,3
AGGCCTCTCGGAGA-1,3
AGGCCTCTCGTAAC-1,3
AGGGACGACGTTGA-1,3
AGGGACGAGTCAAC-1,8
AGGGACGAGTTGTG-1,3
AGGGACGATAGAGA-1,5
AGGGACGATGCATG-1,6
AGGGAGTGAGCCTA-1,0
AGGGCCACCATACG-1,3
AGGGCGCTAACCAC-1,1
AGGGCGCTATGGTC-1,6
AGGGTGGACAGTCA-1,2
AGGGTGGACTCAAG-1,1
AGGGTGGAGTTGCA-1,6
AGGGTTTGTTCATC-1,1
AGGTCATGAGTGTC-1,2
AGGTCATGCTTATC-1,5
AGGTCTGATTCTCA-1,1
AGGTGGGAAGAATG-1,0
AGGTGGGAAGTTCG-1,3
AGGTGTTGGTTACG-1,2
AGGTTCGAACCTCC-1,1
AGGTTCGAACGTAC-1,1
AGGTTCGAGGGTGA-1,4
AGTAAGGAGTTTGG-1,0
AGTAAGGATTCTTG-1,0
AGTAATACATCACG-1,8
AGTAATACCGAACT-1,2
AGTAATTGTCCCAC-1,0
AGTACGTGAGGGTG-1,3
AGTACGTGCTGCAA-1,0
AGTACGTGCTTGGA-1,0
AGTACTCTACGTGT-1,2
AGTACTCTCAACCA-1,6
AGTACTCTCGGTAT-1,0
AGTAGGCTTGCCTC-1,7
AGTATAACTTGTCT-1,7
AGTATCCTAGAACA-1,3
AGTCACGATGAGCT-1,8
AGTCAGACGAATAG-1,0
AGTCAGACGCTTAG-1,4
AGTCAGACTAGAGA-1,5
AGTCAGACTGCACA-1,0
AGTCCAGATATCTC-1,4
AGTCCAGATTTCAC-1,3
AGTCGAACCAACCA-1,3
AGTCGCCTCCGTAA-1,4
AGTCTACTAGGGTG-1,1
AGTCTACTTGCATG-1,7
AGTCTTACACCACA-1,9
AGTCTTACTTCGCC-1,5
AGTCTTACTTCGGA-1,11
AGTGACTGCAACTG-1,7
AGTGTTCTAACCTG-1,0
AGTGTTCTATAAGG-1,4
AGTGTTCTCACTTT-1,1
AGTTAAACCACTTT-1,0
AGTTATGAACAGTC-1,1
AGTTATGACTGAGT-1,0
AGTTATGAGTTCAG-1,0
AGTTCTACCAGCTA-1,1
AGTTCTTGAAGCCT-1,6
AGTTGTCTACTACG-1,3
AGTTTAGATGGTCA-1,4
AGTTTCACGGTCTA-1,6
AGTTTGCTACAGTC-1,4
AGTTTGCTACTGGT-1,8
AGTTTGCTCCAAGT-1,9
ATAAACACAGTGCT-1,2
ATAAACACCACCAA-1,9
ATAACAACATGCTG-1,1
ATAACAACGTCTAG-1,4
ATAACAACTTTGTC-1,3
ATAACATGTACTCT-1,0
ATAACCCTGTTGGT-1,4
ATAACCCTTGGTAC-1,0
ATAAGTACGAATGA-1,2
ATAAGTTGGTACGT-1,7
ATAAGTTGTCTAGG-1,0
ATAATCGAGCTGAT-1,2
ATAATCGATGGTTG-1,3
ATAATGACCTACTT-1,0
ATAATGACTCGTGA-1,1
ATACAATGTTAGGC-1,3
ATACCACTCGTACA-1,1
ATACCACTCTAAGC-1,10
ATACCACTGCCAAT-1,8
ATACCGGAATGCTG-1,10
ATACCGGACATTTC-1,1
ATACCGGACTTCGC-1,0
ATACCGGAGGTGTT-1,1
ATACCGGATCTCGC-1,0
ATACCTACGCATCA-1,0
ATACCTTGGGGCAA-1,9
ATACGGACAGACTC-1,1
ATACGGACCTACTT-1,1
ATACGGACGAGGTG-1,2
ATACGGACTATGCG-1,2
ATACGGACTCTGGA-1,1
ATACGTCTTAACGC-1,1
ATACTCTGCTTCGC-1,1
ATACTCTGGTATGC-1,8
ATAGATACCATGGT-1,0
ATAGATACGACGAG-1,3
ATAGATTGGTGTAC-1,2
ATAGCCGAACGGAG-1,3
ATAGCGTGCAGATC-1,0
ATAGCGTGCCCTTG-1,1
ATAGCGTGGTATCG-1,1
ATAGCGTGTCTCTA-1,0
ATAGCTCTCTGATG-1,3
ATAGCTCTGAGGTG-1,3
ATAGGAGAAACAGA-1,1
ATAGGCTGTCAGAC-1,3
ATAGTCCTAGTGTC-1,1
ATAGTCCTTGCATG-1,6
ATAGTCCTTGTCGA-1,9
ATAGTTGACAACTG-1,0
ATAGTTGACCCTCA-1,7
ATAGTTGAGACGTT-1,4
ATAGTTGATAAGCC-1,4
ATATACGAAGCCAT-1,3
ATATACGAATTGGC-1,0
ATATAGTGGAATGA-1,1
ATATGCCTAGATCC-1,1
ATATGCCTGGACAG-1,9
ATATGCCTTCTCTA-1,4
ATATGCCTTGGTAC-1,3
ATCAAATGAGCCTA-1,1
ATCAAATGGGTAAA-1,7
ATCAACCTAAACGA-1,0
ATCAACCTGAGGAC-1,3
ATCAACCTTCTCTA-1,5
ATCAACCTTTGTCT-1,5
ATCACACTTTGTCT-1,3
ATCACGGATTGCTT-1,1
ATCACGGATTTCGT-1,2
ATCATCTGACACCA-1,11
ATCATGCTAGAGTA-1,6
ATCATGCTGAACCT-1,2
ATCCAGGACGCTAA-1,7
ATCCAGGATGGAAA-1,0
ATCCATACTCCTTA-1,1
ATCCATACTTCATC-1,7
ATCCCGTGCAGTCA-1,8
ATCCCGTGCATGCA-1,2
ATCCCGTGGCTGAT-1,2
ATCCGCACGCATCA-1,2
ATCCTAACGACGGA-1,2
ATCCTAACGCTACA-1,0
ATCGACGAAACTGC-1,1
ATCGACGAATGACC-1,9
ATCGAGTGGACGTT-1,6
ATCGCAGAATCTCT-1,7
ATCGCAGAGTGTCA-1,2
ATCGCCACTGAGGG-1,6
ATCGCCTGGGTCAT-1,0
ATCGCCTGTGGCAT-1,2
ATCGCGCTCAGAGG-1,1
ATCGCGCTGGGATG-1,0
ATCGCGCTTTTCGT-1,2
ATCGGAACCAGTCA-1,4
ATCGGTGAGTCAAC-1,3
ATCGGTGATTGCAG-1,0
ATCGTTTGCCTACC-1,1
ATCGTTTGGGTACT-1,1
ATCGTTTGTGCCAA-1,1
ATCTACACCCGCTT-1,1
ATCTACACCGGGAA-1,0
ATCTCAACAGGAGC-1,2
ATCTCAACCTCGAA-1,4
ATCTCAACCTTGTT-1,1
ATCTGGGAAACCAC-1,1
ATCTGGGAAGTGTC-1,1
ATCTGGGATTCCGC-1,5
ATCTGTTGAACGGG-1,0
ATCTGTTGACCTCC-1,0
ATCTGTTGCCTTCG-1,1
ATCTGTTGGTTGCA-1,0
ATCTTGACACCAAC-1,0
ATCTTGACCTCCCA-1,1
ATCTTTCTGCATCA-1,4
ATCTTTCTGTTTCT-1,5
ATCTTTCTTGTCCC-1,8
ATGAAACTCTGTGA-1,5
ATGAAACTGAGGCA-1,3
ATGAAGGAACAGCT-1,6
ATGAAGGACCTGTC-1,2
ATGAAGGACCTTAT-1,2
ATGAAGGACTAGTG-1,2
ATGAAGGACTTGCC-1,8
ATGACGTGACGACT-1,2
ATGACGTGATCGGT-1,1
ATGAGAGAAAGTGA-1,0
ATGAGAGAACGCAT-1,0
ATGAGAGAAGTAGA-1,2
ATGAGCACACAGCT-1,9
ATGAGCACATCTTC-1,3
ATGATAACTTCACT-1,8
ATGATATGAAACAG-1,0
ATGATATGACTGGT-1,3
ATGATATGAGCACT-1,3
ATGATATGGTCATG-1,3
ATGATATGGTGCTA-1,8
ATGATATGTTGTCT-1,1
ATGCACGAATGTCG-1,2
ATGCACGACTGTAG-1,0
ATGCACGAGAACCT-1,2
ATGCACGAGTTCGA-1,3
ATGCACGATTGGTG-1,1
ATGCAGTGTTACCT-1,2
ATGCAGTGTTCTAC-1,0
ATGCCAGAACGACT-1,0
ATGCCAGACAGTCA-1,1
ATGCCGCTTGAACC-1,1
ATGCGATGCTATGG-1,1
ATGCGATGCTGAGT-1,0
ATGCGATGGTTACG-1,2
ATGCGCCTTCATTC-1,3
ATGCTTTGCGAATC-1,0
ATGCTTTGGGCGAA-1,5
ATGCTTTGTAGTCG-1,2
ATGGACACATCGGT-1,0
ATGGACACGCATCA-1,8
ATGGGTACAACCTG-1,2
ATGGGTACATCGGT-1,8
ATGGGTACTATTCC-1,0
ATGGGTACTGGGAG-1,0
ATGTAAACACCTCC-1,3
ATGTAAACCCGCTT-1,0
ATGTAAACGGGATG-1,10
ATGTAAACTCTCCG-1,0
ATGTAAACTTCACT-1,1
ATGTACCTCAGTCA-1,4
ATGTACCTTAGTCG-1,0
ATGTACCTTTATCC-1,1
ATGTACCTTTCACT-1,6
ATGTCACTAATGCC-1,1
ATGTCACTCTGCTC-1,3
ATGTCGGAGGTGAG-1,0
ATGTTCACAGTCTG-1,1
ATGTTCACCGTAGT-1,0
ATGTTGCTTTCAGG-1,0
ATTAACGATGAGAA-1,8
ATTAACGATGCAAC-1,6
ATTAAGACTGCAGT-1,0
ATTACCTGCCTTAT-1,1
ATTACCTGGAGGAC-1,7
ATTACCTGGGCATT-1,2
ATTAGATGTTTCAC-1,9
ATTATGGAATCTCT-1,0
ATTCAAGAACGGGA-1,9
ATTCAAGACCTTTA-1,0
ATTCAGCTCATTGG-1,11
ATTCCAACCATTGG-1,1
ATTCCAACTTAGGC-1,8
ATTCGACTCACTAG-1,0
ATTCGACTGAATAG-1,1
ATTCGACTTTTGTC-1,7
ATTCGGGAAAGGCG-1,1
ATTCGGGATTAGGC-1,0
ATTCTTCTGATACC-1,4
ATTGAATGGACGGA-1,0
ATTGATGAAGGTTC-1,3
ATTGATGACTGAGT-1,0
ATTGATGAGCGAAG-1,0
ATTGATGATCTATC-1,3
ATTGCACTGACGGA-1,9
ATTGCACTGAGAGC-1,7
ATTGCACTGGAGCA-1,1
ATTGCACTTAGCCA-1,0
ATTGCACTTGCTTT-1,7
ATTGCTTGTTACTC-1,2
ATTGGTCTGACTAC-1,2
ATTGGTCTTGTCTT-1,2
ATTGTAGATTCCCG-1,10
ATTGTAGATTGCAG-1,5
ATTGTCTGCGTACA-1,0
ATTTAGGAACCATG-1,7
ATTTAGGACAGAGG-1,0
ATTTCCGAGATGAA-1,4
ATTTCCGAGTGCTA-1,0
ATTTCGTGTATGGC-1,6
ATTTCTCTACTTTC-1,7
ATTTCTCTAGCAAA-1,0
ATTTCTCTCACTTT-1,1
ATTTCTCTTCCCAC-1,3
ATTTGCACAAGATG-1,1
CAAAGCACAGCTCA-1,3
CAAAGCACCGTAAC-1,2
CAAAGCACGGTAAA-1,6
CAAAGCTGAAAGTG-1,4
CAAAGCTGTTGCTT-1,1
CAAATATGTGACAC-1,3
CAAATTGAGGGCAA-1,0
CAAATTGATGGAGG-1,1
CAACCAGAAAAGTG-1,9
CAACCAGAAGTGCT-1,9
CAACCAGAGTTCAG-1,1
CAACCAGATAGAAG-1,1
CAACCGCTGTTCAG-1,3
CAACCGCTTTGAGC-1,4
CAACGATGCGCAAT-1,7
CAACGTGACTCCAC-1,1
CAACGTGAGCCATA-1,6
CAACGTGATCAAGC-1,1
CAAGAAGACCACAA-1,5
CAAGAAGACGTCTC-1,1
CAAGAAGATTCTAC-1,3
CAAGACTGACCTGA-1,2
CAAGACTGAGTAGA-1,2
CAAGCTGACCATAG-1,7
CAAGCTGATCTATC-1,6
CAAGGACTGTTCAG-1,9
CAAGGACTTCTTTG-1,5
CAAGGTTGCTCCAC-1,4
CAAGGTTGTCATTC-1,2
CAAGGTTGTCTGGA-1,8
CAAGTCGAAACAGA-1,2
CAAGTCGATAGCGT-1,1
CAATAAACGCCATA-1,1
CAATAATGAACTGC-1,1
CAATATGACATGGT-1,0
CAATATGACCTTCG-1,6
CAATATGACGTTAG-1,3
CAATATGAGGAGCA-1,0
CAATCGGAGAAACA-1,0
CAATCTACTGACTG-1,8
CAATTCACCCAACA-1,6
CAATTCACGATAGA-1,0
CAATTCACTTGTGG-1,4
CAATTCTGCTTGTT-1,1
CAATTCTGGCGTAT-1,7
CACAACGATACGAC-1,9
CACAATCTTGTTCT-1,5
CACAATCTTTCCAT-1,5
CACACCTGCTTGAG-1,3
CACACCTGTATGGC-1,4
CACAGAACCCTTGC-1,2
CACAGAACCTGATG-1,0
CACAGATGGGATTC-1,5
CACAGATGGTTTCT-1,1
CACAGCCTGATACC-1,5
CACAGCCTTGCCAA-1,7
CACAGCCTTGTAGC-1,0
CACAGTGATGAAGA-1,1
CACATACTACAGCT-1,6
CACATGGAACACGT-1,3
CACATGGAAGTCGT-1,3
CACCACTGCCAACA-1,3
CACCACTGGCGAAG-1,8
CACCCATGTTCTGT-1,4
CACCGGGAATCGAC-1,0
CACCGGGACGAGAG-1,6
CACCGGGACGTGTA-1,3
CACCGGGACTTCTA-1,6
CACCGGGACTTGCC-1,6
CACCGGGATTCGGA-1,6
CACCGTACTAAGGA-1,2
CACCGTACTAGCGT-1,3
CACCTGACACCCAA-1,6
CACCTGACCAGAAA-1,0
CACCTGACCTCAAG-1,6
CACCTGACGAAAGT-1,2
CACCTGACTCGTAG-1,3
CACGAAACTTCCGC-1,2
CACGACCTCGATAC-1,2
CACGCTACAGAAGT-1,4
CACGCTACTGTTCT-1,2
CACGCTACTTGACG-1,1
CACGGGACAGAGTA-1,3
CACGGGACATAAGG-1,3
CACGGGACGTAGGG-1,0
CACGGGTGCTTCGC-1,6
CACGGGTGGAGGAC-1,8
CACGGGTGTGTTTC-1,3
CACTAACTCCTAAG-1,2
CACTAACTGAAAGT-1,3
CACTAGGATGATGC-1,2
CACTATACCCCGTT-1,2
CACTATACGTTTGG-1,6
CACTGAGACAGTCA-1,1
CACTGCACTTCATC-1,0
CACTGCTGAGACTC-1,7
CACTGCTGGAAAGT-1,0
CACTTAACCGAATC-1,0
CACTTAACCGTACA-1,2
CACTTTGACTCTAT-1,6
CACTTTGAGCTGTA-1,5
CAGAAGCTCTCAAG-1,9
CAGACATGAACGGG-1,3
CAGACATGTCGACA-1,0
CAGACCCTAAGGTA-1,7
CAGACCCTAATGCC-1,0
CAGACCCTAGGAGC-1,3
CAGACTGAGTATGC-1,3
CAGATCGAATGTCG-1,2
CAGATCGACCTGAA-1,5
CAGATCGATATGGC-1,0
CAGATGACATTCTC-1,8
CAGCAATGCCTTCG-1,3
CAGCAATGGAGGGT-1,8
CAGCAATGGTGCTA-1,3
CAGCAATGTCTACT-1,1
CAGCAATGTGACCA-1,0
CAGCAATGTGAGGG-1,1
CAGCACCTAAGCCT-1,4
CAGCACCTAGGCGA-1,4
CAGCACCTGTAGGG-1,1
CAGCATGACAACCA-1,1
CAGCATGAGACGTT-1,5
CAGCCTACCCAACA-1,0
CAGCCTTGCTACCC-1,1
CAGCCTTGGGGACA-1,0
CAGCGGACACCCTC-1,3
CAGCGGACCTTTAC-1,8
CAGCGTCTAAAGCA-1,0
CAGCGTCTTATCGG-1,0
CAGCTAGATGTGAC-1,1
CAGCTCTGAGGCGA-1,0
CAGCTCTGCAAGCT-1,6
CAGCTCTGTCGTAG-1,1
CAGCTCTGTGTGGT-1,8
CAGGAACTAACTGC-1,5
CAGGAACTCTCAGA-1,1
CAGGCCGAACACCA-1,4
CAGGCCGAACACGT-1,0
CAGGCCGAACGACT-1,0
CAGGCCGAATCTCT-1,7
CAGGCCGACTAGCA-1,2
CAGGGCACCATACG-1,2
CAGGGCACCCAACA-1,3
CAGGGCACTCCCGT-1,0
CAGGTAACAGACTC-1,1
CAGGTATGAGTCGT-1,0
CAGGTATGTGCTTT-1,0
CAGGTTGAGGATCT-1,2
CAGTGATGGACGGA-1,2
CAGTGATGGCTAAC-1,6
CAGTGATGGGACAG-1,0
CAGTGATGTAAGGA-1,2
CAGTGATGTACGCA-1,4
CAGTGTGAACACGT-1,4
CAGTGTGATGTCAG-1,4
CAGTTACTAAGGTA-1,2
CAGTTACTGATAGA-1,3
CAGTTGGAAAGAGT-1,1
CAGTTGGACATACG-1,3
CAGTTTACACACGT-1,8
CAGTTTACCCCAAA-1,4
CATAAAACGGAGCA-1,1
CATAAATGAACTGC-1,3
CATAACCTTCTCCG-1,0
CATACTACCTCGAA-1,3
CATACTACCTGAAC-1,3
CATACTACGTACCA-1,1
CATACTTGGGTTAC-1,7
CATAGTCTAATCGC-1,0
CATAGTCTCACTTT-1,0
CATATAGACTAAGC-1,10
CATATAGATCAGGT-1,2
CATCAACTAGAAGT-1,0
CATCAACTCCCTCA-1,0
CATCAGGACTTCCG-1,8
CATCAGGATAGCCA-1,8
CATCAGGATCCTAT-1,7
CATCAGGATGCACA-1,1
CATCAGGATTTCGT-1,1
CATCATACCGCATA-1,1
CATCATACGGAGCA-1,2
CATCATACTCAAGC-1,9
CATCGCTGGGATCT-1,0
CATCGCTGTGGCAT-1,2
CATCGGCTATGCTG-1,0
CATCGGCTTTGGCA-1,0
CATCTCCTATGTGC-1,2
CATCTCCTCGAACT-1,1
CATGAGACACGGGA-1,2
CATGAGACGTTGAC-1,8
CATGAGACTCGCCT-1,0
CATGCCACGGGTGA-1,9
CATGCCACTGCCAA-1,0
CATGCGCTAGTCAC-1,7
CATGCGCTCAGATC-1,1
CATGCGCTTTGCAG-1,7
CATGGCCTAGGGTG-1,1
CATGGCCTGTGCAT-1,9
CATGTACTATCGTG-1,6
CATGTTACAGTCGT-1,5
CATGTTACCTGAGT-1,9
CATGTTTGGGGATG-1,1
CATTACACACGGAG-1,2
CATTACACCAACTG-1,8
CATTACACGGAGTG-1,3
CATTACACTACTCT-1,9
CATTAGCTCCACAA-1,1
CATTGACTAGCGGA-1,1
CATTGGGACTCGAA-1,0
CATTGTACAGCGTT-1,9
CATTGTACTCGATG-1,2
CATTGTACTTATCC-1,4
CATTGTACTTTGCT-1,7
CATTGTTGCTAGTG-1,3
CATTTCGACTCTAT-1,6
CATTTCGAGATACC-1,8
CATTTGACCACACA-1,6
CATTTGACCCTGAA-1,5
CATTTGTGACGACT-1,2
CATTTGTGCATTGG-1,4
CATTTGTGCGGAGA-1,9
CATTTGTGGGATCT-1,2
CCAAAGTGCTACGA-1,1
CCAAAGTGTGAGAA-1,1
CCAACCTGAAGTAG-1,6
CCAACCTGACGTAC-1,1
CCAACCTGTTCGCC-1,1
CCAAGAACCCAATG-1,0
CCAAGAACGTAGCT-1,0
CCAAGAACGTGTCA-1,0
CCAAGAACTACTGG-1,6
CCAAGAACTCCTAT-1,2
CCAAGATGTCATTC-1,3
CCAAGATGTTTCAC-1,0
CCAAGTGAGGAACG-1,9
CCAAGTGATCAAGC-1,0
CCAATGGAACAGCT-1,1
CCAATTTGAACGTC-1,1
CCACCATGAACGTC-1,4
CCACCATGATCGGT-1,3
CCACCATGGACGAG-1,7
CCACCATGGGGAGT-1,3
CCACCATGTCCTGC-1,6
CCACTGACCCGCTT-1,1
CCACTGTGGGAAGC-1,1
CCACTGTGTGTAGC-1,0
CCACTTCTCGGGAA-1,1
CCAGAAACCCTGTC-1,2
CCAGAAACGAACTC-1,0
CCAGAAACGGTCTA-1,3
CCAGACCTCTGAGT-1,1
CCAGACCTTGTGGT-1,4
CCAGCACTGCGATT-1,7
CCAGCGGAAAGGCG-1,1
CCAGCGGACGACTA-1,1
CCAGCGGATGGGAG-1,0
CCAGCTACACAGTC-1,3
CCAGCTACCAGCTA-1,2
CCAGGTCTACACCA-1,2
CCAGGTCTAGCATC-1,1
CCAGGTCTATGGTC-1,0
CCAGTCACACTGGT-1,1
CCAGTCACACTGTG-1,2
CCAGTCACGTTGTG-1,9
CCAGTCTGCGGAGA-1,6
CCAGTGCTAACCAC-1,0
CCAGTGCTCGTAGT-1,4
CCATCCGAAAGCAA-1,0
CCATCCGAACGACT-1,4
CCATCCGAAGGTTC-1,2
CCATCCGATTCGCC-1,1
CCATCGTGAACGGG-1,0
CCATCGTGCTAGAC-1,7
CCCAACACCTCGCT-1,2
CCCAACACGCATCA-1,0
CCCAACACTTTGTC-1,1
CCCAACTGCAATCG-1,1
CCCAGACTGCCTTC-1,1
CCCAGACTGGTTTG-1,2
CCCAGACTTTCGCC-1,7
CCCAGTTGCAGTTG-1,1
CCCAGTTGGGTACT-1,0
CCCAGTTGTCTATC-1,2
CCCGATTGTGTTTC-1,0
CCCGGAGAAGGGTG-1,1
CCCTACGAATTGGC-1,1
CCCTAGTGCAAAGA-1,0
CCCTCAGACACTTT-1,2
CCCTCAGACGAGAG-1,0
CCCTCAGAGGTCAT-1,3
CCCTGAACTAAAGG-1,2
CCCTGATGCAACCA-1,4
CCCTGATGCAAGCT-1,2
CCCTTACTAACCAC-1,1
CCCTTACTGCAGTT-1,5
CCGAAAACCTTGTT-1,7
CCGACACTGGTTTG-1,0
CCGACTACCCAGTA-1,1
CCGACTACCGTGTA-1,3
CCGACTACTGAGGG-1,6
CCGATAGACCTAAG-1,4
CCGATAGAGTTGGT-1,1
CCGCGAGACACACA-1,1
CCGCGAGAGGTTCA-1,5
CCGCTATGGGACGA-1,2
CCGCTATGTGCAAC-1,1
CCGCTATGTGCACA-1,1
CCGGTACTGTCCTC-1,9
CCGTACACAAGCAA-1,0
CCGTACACAGCGTT-1,2
CCGTACACGTCATG-1,6
CCGTACACGTTGGT-1,1
CCGTACACTAACGC-1,5
CCTAAACTTTCGTT-1,3
CCTAAGGACCCAAA-1,3
CCTAAGGACTAGCA-1,1
CCTAAGGAGGGCAA-1,5
CCTAAGGATGATGC-1,3
CCTAAGGATGTCAG-1,3
CCTACCGACTCTTA-1,3
CCTACCGAGGGATG-1,2
CCTAGAGAGGTGAG-1,2
CCTATAACCAAAGA-1,9
CCTATAACGAGACG-1,7
CCTATAACTCAGAC-1,3
CCTATAACTGCATG-1,7
CCTCGAACACTTTC-1,8
CCTCGAACCCGTAA-1,1
CCTCGAACGTATCG-1,0
CCTCGAACTTACTC-1,0
CCTCTACTCTTCGC-1,1
CCTCTACTGGCATT-1,9
CCTGACTGAAGTAG-1,5
CCTGACTGGGGAGT-1,9
CCTGACTGTGTCTT-1,2
CCTGCAACACGTTG-1,1
CCTGGACTCGTGAT-1,0
CCTTAATGCCCAAA-1,2
CCTTAATGTTCTAC-1,7
CCTTCACTACGACT-1,3
CCTTCACTCAGTCA-1,2
CCTTCACTGGAGTG-1,1
CCTTTAGATTCATC-1,1
CGAACATGCCCTAC-1,1
CGAACATGTCAGAC-1,0
CGAAGACTGGAACG-1,5
CGAAGACTGTTACG-1,0
CGAAGGGAAACCTG-1,6
CGAAGGGATCCGAA-1,2
CGAAGTACCAACTG-1,2
CGAATCGAGGAGCA-1,1
CGAATCGAGGAGGT-1,0
CGACAAACCCATAG-1,4
CGACAAACCGACAT-1,2
CGACCACTAAAGTG-1,8
CGACCACTGCCAAT-1,8
CGACCGGAAGGTCT-1,3
CGACCGGATGGAAA-1,0
CGACCTTGCTAGTG-1,0
CGACCTTGGCAAGG-1,4
CGACGTCTATCGTG-1,4
CGACGTCTCGTGTA-1,0
CGACGTCTGAGGCA-1,4
CGACTCACGTCGTA-1,3
CGACTCACGTTGCA-1,4
CGACTCTGTGTGAC-1,0
CGACTGCTTCCTCG-1,1
CGAGAACTAAGGCG-1,6
CGAGAACTACGTTG-1,3
CGAGAACTTGTTCT-1,1
CGAGATTGGACACT-1,6
CGAGATTGGCCATA-1,6
CGAGCCGAACACCA-1,0
CGAGCCGACGACAT-1,5
CGAGCCGAGGCGAA-1,4
CGAGCGTGCTCCAC-1,5
CGAGCGTGGATACC-1,0
CGAGCGTGTATGCG-1,1
CGAGGAGACCTCCA-1,2
CGAGGAGATGTCGA-1,3
CGAGGCACCTATGG-1,6
CGAGGCACTATGCG-1,1
CGAGGCACTCTTCA-1,5
CGAGGCTGACGCTA-1,8
CGAGGCTGGCAGTT-1,1
CGAGGGCTACGACT-1,2
CGAGGGCTCGAATC-1,4
CGAGTATGTCACCC-1,7
CGATACGAACAGTC-1,1
CGATACGACAGGAG-1,6
CGATACGATTCACT-1,2
CGATAGACCCGTAA-1,1
CGATAGACCGTACA-1,0
CGATAGACGTAGGG-1,1
CGATAGACTGTTCT-1,0
CGATCAGAAGAACA-1,6
CGATCAGAGAGGGT-1,0
CGATCAGAGGTACT-1,0
CGATCAGATGTGAC-1,10
CGATCCACCGGGAA-1,5
CGATCCACTTCCAT-1,2
CGCAAATGCTCGAA-1,4
CGCAACCTCCTTGC-1,0
CGCAACCTGGACGA-1,4
CGCACGGAGGACGA-1,2
CGCACGGATCTTTG-1,9
CGCACTACAGAATG-1,0
CGCACTACAGCCAT-1,0
CGCACTACATTGGC-1,4
CGCACTACTCGCCT-1,2
CGCACTACTCGTGA-1,5
CGCACTTGTCACGA-1,1
CGCAGGACAGATCC-1,5
CGCAGGACCTACTT-1,3
CGCAGGACTTGTCT-1,7
CGCAGGTGCACTGA-1,9
CGCAGGTGCCATAG-1,7
CGCAGGTGGGAACG-1,0
CGCATAGATCACGA-1,1
CGCCATACTGCAAC-1,0
CGCCATTGAGAGGC-1,3
CGCCATTGCTATGG-1,9
CGCCATTGGAGACG-1,0
CGCCATTGGAGCAG-1,2
CGCCATTGTACTGG-1,2
CGCCGAGAGCTTAG-1,8
CGCCTAACGAATGA-1,1
CGCCTAACTGCTCC-1,0
CGCGAGACACAGCT-1,6
CGCGAGACAGGTCT-1,2
CGCGAGACGCTACA-1,5
CGCGATCTCAGTCA-1,1
CGCGATCTGTTGAC-1,1
CGCGATCTTTCTTG-1,2
CGCGGATGGCCAAT-1,0
CGCTAAGAATGTCG-1,0
CGCTAAGACAACTG-1,3
CGCTAAGACCCTTG-1,0
CGCTACTGAACAGA-1,1
CGCTACTGAGAACA-1,0
CGCTACTGTGAGCT-1,3
CGCTACTGTTCCCG-1,6
CGCTCATGCATTTC-1,1
CGGAATTGCACTAG-1,4
CGGAATTGGTTTGG-1,5
CGGAATTGTGGAGG-1,3
CGGACCGATGCGTA-1,6
CGGACCGATGGGAG-1,4
CGGACTCTAAACAG-1,2
CGGACTCTCCAATG-1,0
CGGACTCTCCTCGT-1,6
CGGAGGCTATTCCT-1,4
CGGAGGCTTGGATC-1,9
CGGATAACAACGAA-1,1
CGGATAACAGCTCA-1,0
CGGATAACTCAGTG-1,1
CGGCACGAACTCAG-1,5
CGGCACGAAGGGTG-1,3
CGGCACGACTACGA-1,7
CGGCATCTTAGAAG-1,5
CGGCATCTTCGTAG-1,1
CGGCCAGAAAGGTA-1,3
CGGCCAGAGAGGCA-1,6
CGGCGAACCAGTCA-1,1
CGGCGAACGACAAA-1,8
CGGCGAACGGTCTA-1,0
CGGCGAACTACTTC-1,8
CGGGACTGCGTGTA-1,9
CGGGACTGGAATAG-1,6
CGGGCATGACCCAA-1,6
CGGGCATGTCTCTA-1,8
CGGGCATGTTGTGG-1,3
CGGTAAACTCGCAA-1,5
CGGTCACTGTTTGG-1,0
CGGTCACTTACTTC-1,0
CGTAACGAATCAGC-1,3
CGTAACGATCGCCT-1,0
CGTACCACACACAC-1,0
CGTACCACACGTTG-1,3
CGTACCACCTCATT-1,3
CGTACCACGCTACA-1,5
CGTACCACGGAGCA-1,4
CGTACCTGGCATCA-1,8
CGTAGCCTCTCTCG-1,1
CGTAGCCTGCGAAG-1,0
CGTAGCCTGTATGC-1,7
CGTCAAGAAAGGTA-1,1
CGTCAAGAACGTGT-1,3
CGTCAAGACAGAGG-1,0
CGTCAAGACAGGAG-1,6
CGTCCATGCTCTTA-1,0
CGTCGACTTTCCGC-1,5
CGTGATGACGCTAA-1,3
CGTGATGAGGTTCA-1,0
CGTGCACTTATGGC-1,1
CGTGTAGAAAAACG-1,0
CGTGTAGACGATAC-1,8
CGTGTAGAGTTACG-1,8
CGTGTAGAGTTCAG-1,1
CGTGTAGATTCGGA-1,8
CGTTAGGAAACCAC-1,3
CGTTAGGATCATTC-1,1
CGTTATACCCTGAA-1,6
CGTTTAACTGGTCA-1,0
CTAAACCTCTGACA-1,8
CTAAACCTGTGCAT-1,2
CTAACACTAACGTC-1,0
CTAACACTAGTGCT-1,1
CTAACGGAACCGAT-1,8
CTAACGGATTTCTG-1,3
CTAACTACGGCAAG-1,5
CTAAGGACACCATG-1,3
CTAAGGACCGTTAG-1,9
CTAAGGACGCCATA-1,1
CTAAGGTGCCTAAG-1,2
CTAAGGTGTTGCAG-1,4
CTAAGGTGTTTCTG-1,4
CTAATAGAGCTATG-1,4
CTAATGCTTGTGGT-1,1
CTACAACTCCCGTT-1,6
CTACCTCTCAACCA-1,5
CTACGCACACCTAG-1,7
CTACGCACTCTCCG-1,0
CTACGCACTGGTCA-1,6
CTACGGCTTTCTTG-1,1
CTACTATGAACCAC-1,1
CTACTATGATGTGC-1,1
CTACTATGCTAAGC-1,5
CTACTATGTAAAGG-1,2
CTACTCCTATGTCG-1,8
CTACTCCTGCCATA-1,1
CTAGAGACACTTTC-1,3
CTAGAGACAGCATC-1,6
CTAGAGACTTTGGG-1,7
CTAGATCTCTCTAT-1,0
CTAGATCTTCGACA-1,0
CTAGGATGAGCCTA-1,2
CTAGGATGATCGTG-1,2
CTAGGCCTCTCAGA-1,0
CTAGGTGATGGTTG-1,7
CTAGTTACCAGAGG-1,3
CTAGTTACCGCATA-1,0
CTAGTTACGAAACA-1,8
CTAGTTTGAGTACC-1,6
CTATAAGATCGTTT-1,2
CTATACTGAGGTTC-1,1
CTATACTGCCAGTA-1,4
CTATACTGCGCTAA-1,1
CTATACTGCTACGA-1,8
CTATACTGTCTCAT-1,8
CTATACTGTTCGTT-1,3
CTATAGCTGTCACA-1,3
CTATAGCTTCGCTC-1,1
CTATAGCTTGCCTC-1,1
CTATCAACGAACTC-1,3
CTATCAACGCAGAG-1,0
CTATCAACTTTGGG-1,4
CTATCCCTCCACCT-1,1
CTATGTACGAGAGC-1,0
CTATGTACGCTTAG-1,4
CTATGTACTGTTTC-1,2
CTATGTTGAAAGCA-1,0
CTATGTTGTCCTCG-1,4
CTATGTTGTCTCGC-1,0
CTATTGACAAACGA-1,1
CTATTGACACTGGT-1,1
CTATTGACGGTGAG-1,7
CTATTGTGGCAAGG-1,4
CTCAATTGGTTCAG-1,0
CTCAATTGGTTGCA-1,1
CTCAGAGATAGAAG-1,3
CTCAGCACTCTAGG-1,0
CTCAGCACTGAACC-1,1
CTCAGCACTTGCAG-1,3
CTCAGCTGAACCTG-1,1
CTCAGCTGCAGTTG-1,5
CTCAGCTGTTTCTG-1,4
CTCAGGCTCGTTGA-1,7
CTCAGGCTGCTAAC-1,0
CTCATTGACCTTAT-1,0
CTCATTGATGCTTT-1,7
CTCCACGAGAGATA-1,10
CTCCATCTCTTAGG-1,3
CTCCATCTGACGAG-1,0
CTCCGAACAAGTGA-1,7
CTCCTACTGCCTTC-1,1
CTCGAAGATGTGGT-1,9
CTCGAAGATTAGGC-1,1
CTCGACTGCTCTAT-1,3
CTCGACTGGGTGAG-1,4
CTCGACTGGTTGAC-1,8
CTCGAGCTCTGGAT-1,6
CTCGCATGACTTTC-1,5
CTCGCATGCTTAGG-1,0
CTCTAAACCTCGAA-1,3
CTCTAAACGGCGAA-1,9
CTCTAATGTCCAAG-1,1
CTGAACGACAGTCA-1,0
CTGAACGATGAGGG-1,0
CTGAAGACCCAACA-1,4
CTGAAGACGTGCAT-1,2
CTGAAGTGAAGCCT-1,7
CTGAAGTGCAGCTA-1,2
CTGAAGTGGCTATG-1,3
CTGAAGTGTCCAGA-1,0
CTGAATCTGAATAG-1,0
CTGACAGAATCGTG-1,6
CTGACCACAGCAAA-1,3
CTGAGAACCGGGAA-1,0
CTGAGAACGTAAAG-1,8
CTGATACTAGTAGA-1,3
CTGATTTGGTGTTG-1,1
CTGCAGCTAACCGT-1,9
CTGCAGCTGACACT-1,3
CTGCAGCTGGATTC-1,1
CTGCAGCTTGGCAT-1,5
CTGCCAACAGGAGC-1,5
CTGCCAACCAGCTA-1,0
CTGCCAACTAACCG-1,1
CTGCCAACTGCTCC-1,6
CTGCCAACTTGCAG-1,3
CTGCCAACTTGCTT-1,5
CTGCGACTCCACCT-1,5
CTGGAAACAAACGA-1,6
CTGGAAACATCGAC-1,0
CTGGATGACTGGAT-1,6
CTGGATGACTTGTT-1,4
CTGGATGATGTGAC-1,2
CTGGCACTCAAGCT-1,1
CTGGCACTGGACAG-1,5
CTGTAACTAACCAC-1,0
CTGTAACTAGCGTT-1,3
CTGTATACGTAAAG-1,4
CTGTATACGTACGT-1,1
CTGTATACGTTGGT-1,0
CTGTGAGACAACCA-1,7
CTGTGAGACCTTGC-1,6
CTGTGAGACGAACT-1,1
CTGTGAGACTGTAG-1,1
CTTAAAGAACCTGA-1,3
CTTAACACCTGTAG-1,0
CTTAACACGAGCTT-1,0
CTTAACACTATCGG-1,2
CTTAAGCTACCTAG-1,0
CTTAAGCTAGTACC-1,9
CTTAAGCTCATCAG-1,3
CTTAAGCTCCGCTT-1,2
CTTAAGCTTCCTCG-1,6
CTTACAACTAACGC-1,3
CTTACAACTCCCGT-1,1
CTTACTGACGTACA-1,3
CTTAGACTAAACGA-1,0
CTTAGGGACTTGCC-1,0
CTTAGGGAGAATCC-1,4
CTTATCGACTCATT-1,0
CTTCACCTACCTGA-1,7
CTTCATGAAGCATC-1,2
CTTCATGAAGTACC-1,4
CTTCATGACCGAAT-1,5
CTTGAACTACGCAT-1,4
CTTGATTGAGGTTC-1,6
CTTGATTGATCTTC-1,11
CTTGATTGCATTCT-1,0
CTTGATTGTTTCGT-1,0
CTTGTATGACACCA-1,2
CTTGTATGCGCAAT-1,2
CTTTACGAGCGAAG-1,3
CTTTAGACCGTGAT-1,4
CTTTAGACGAGACG-1,4
CTTTAGACGATACC-1,3
CTTTAGACGTTGGT-1,5
CTTTAGACTCATTC-1,6
CTTTAGTGACGGGA-1,8
CTTTAGTGGGTGGA-1,3
CTTTCAGAGAAACA-1,3
CTTTGATGAGCACT-1,0
CTTTGATGTCTAGG-1,5
CTTTGATGTGTCCC-1,0
CTTTGATGTGTGGT-1,3
GAAACAGAACTACG-1,0
GAAACAGAATCACG-1,0
GAAACAGACATTCT-1,0
GAAACCTGATCGTG-1,9
GAAACCTGATGCCA-1,0
GAAACCTGCTTATC-1,0
GAAACCTGGACTAC-1,7
GAAACCTGTGCTAG-1,3
GAAAGATGATTTCC-1,0
GAAAGATGCTGATG-1,7
GAAAGATGCTTCGC-1,1
GAAAGATGTAAGGA-1,4
GAAAGATGTTTGCT-1,5
GAAAGCCTACGTTG-1,2
GAAAGTGAAAGTGA-1,10
GAAAGTGACCACAA-1,1
GAAAGTGACTCAAG-1,0
GAAATACTACCAAC-1,1
GAAATACTCTTAGG-1,2
GAAATACTTCCTCG-1,0
GAACACACGTGCAT-1,1
GAACACACTGCCTC-1,3
GAACAGCTAACTGC-1,1
GAACAGCTCTCAGA-1,7
GAACCAACCACAAC-1,4
GAACCAACTTCCGC-1,8
GAACCTGAACGTGT-1,0
GAACCTGAGAGACG-1,3
GAACCTGATGAACC-1,0
GAACGGGATACTTC-1,3
GAACGTTGACGGAG-1,6
GAACTGTGACCTGA-1,7
GAACTGTGCCAGTA-1,1
GAAGAATGCAATCG-1,9
GAAGCGGACCTATT-1,1
GAAGCTACGAATGA-1,1
GAAGCTACGGTTTG-1,0
GAAGGGTGAAAGTG-1,0
GAAGGGTGCTTAGG-1,1
GAAGGTCTGAAAGT-1,0
GAAGGTCTGTTGCA-1,9
GAAGGTCTTAAAGG-1,10
GAAGTAGACTCCCA-1,5
GAAGTAGATCCAAG-1,7
GAAGTCACCCTCGT-1,1
GAAGTCACCCTGTC-1,2
GAAGTCTGTCGCAA-1,2
GAAGTCTGTTCTGT-1,3
GAAGTGCTAAACGA-1,8
GAAGTGCTCCGCTT-1,1
GAAGTGCTTAACCG-1,0
GAATGCACCCTAAG-1,0
GAATGCACCTTCGC-1,8
GAATGCTGCGGTAT-1,9
GAATGGCTAAGATG-1,4
GAATTAACGATAAG-1,3
GAATTAACGGTCAT-1,0
GAATTAACGTCGTA-1,8
GAATTAACTGAAGA-1,2
GACAACACAGGCGA-1,4
GACAACACATCGTG-1,3
GACAACACTCGCCT-1,5
GACAACTGAGGTTC-1,3
GACAGGGAAGAGTA-1,2
GACAGGGAATGCCA-1,0
GACAGTACGAGCTT-1,7
GACAGTACTTCGGA-1,7
GACAGTTGAGTAGA-1,2
GACATTCTCCACCT-1,10
GACCAAACGACTAC-1,1
GACCAAACGTATCG-1,1
GACCATGACTCTCG-1,1
GACCCTACTAAAGG-1,2
GACCTAGACCTCAC-1,5
GACCTAGACGAGAG-1,0
GACCTCACAAGGTA-1,9
GACCTCACGTACGT-1,1
GACCTCTGCATCAG-1,9
GACGAACTCCCACT-1,3
GACGATTGCCAATG-1,2
GACGCCGACCTTCG-1,0
GACGCTCTCTCTCG-1,11
GACGGCACACGGGA-1,8
GACGGCACGAGATA-1,1
GACGTAACCTATGG-1,0
GACGTAACCTGTGA-1,0
GACGTAACTATGGC-1,0
GACGTATGTTGACG-1,9
GACGTATGTTTGCT-1,9
GACGTCCTACGGAG-1,0
GACGTCCTCTCAAG-1,1
GACGTCCTGATAAG-1,2
GACTACGATGGTCA-1,2
GACTCCTGCTCGCT-1,3
GACTCCTGGGTTAC-1,9
GACTCCTGTTATCC-1,0
GACTCCTGTTGGTG-1,1
GACTGAACAACCGT-1,2
GACTGAACCAATCG-1,1
GACTGATGTGATGC-1,9
GACTTTACATGCCA-1,3
GACTTTACGACAGG-1,2
GAGAAATGTTCTCA-1,2
GAGATAGAAAAAGC-1,1
GAGATCACGACAAA-1,7
GAGATGCTCTGGAT-1,5
GAGATGCTGAATGA-1,0
GAGCAGGATTCCCG-1,5
GAGCATACTTTGCT-1,7
GAGCGCACGCGTAT-1,1
GAGCGCACGGTGAG-1,5
GAGCGCTGAAGATG-1,8
GAGCGCTGTCTTAC-1,1
GAGCGGCTGGGAGT-1,2
GAGGACGACTCAGA-1,4
GAGGATCTGAAAGT-1,2
GAGGCAGACTTGCC-1,6
GAGGGAACACCAGT-1,0
GAGGGAACGAGGGT-1,0
GAGGGATGGGAAAT-1,0
GAGGGCCTTCACCC-1,0
GAGGGTGAAGAGTA-1,3
GAGGTACTACGGTT-1,9
GAGGTACTACTCAG-1,1
GAGGTACTGACACT-1,8
GAGGTACTGGGAGT-1,4
GAGGTACTTAGCGT-1,1
GAGGTGGAGTACGT-1,9
GAGGTGGATCCTCG-1,8
GAGGTTACTCGTTT-1,1
GAGGTTTGTAAGCC-1,1
GAGTCAACCATTCT-1,4
GAGTCAACGGGAGT-1,4
GAGTCTGATCGTGA-1,5
GAGTCTGATTTGGG-1,2
GAGTGACTCAGCTA-1,0
GAGTGACTCGGTAT-1,6
GAGTGACTCTTGCC-1,2
GAGTGACTGACTAC-1,2
GAGTGACTGTCTAG-1,3
GAGTGGGAGTCTTT-1,2
GAGTGGGATGCCCT-1,4
GAGTGGGATGCTGA-1,2
GAGTGTTGCTGTAG-1,0
GAGTGTTGTGGTCA-1,3
GAGTTGTGCATGGT-1,1
GAGTTGTGCTGAGT-1,6
GAGTTGTGGCGAGA-1,1
GAGTTGTGGTAGCT-1,11
GAGTTGTGTATGCG-1,7
GATAAGGAGAAACA-1,1
GATAAGGATTCACT-1,1
GATACTCTATCGGT-1,3
GATACTCTTACTTC-1,9
GATACTCTTGACTG-1,1
GATAGAGAAGGGTG-1,6
GATAGAGACTGTGA-1,0
GATAGAGATCACGA-1,10
GATAGCACCCATAG-1,0
GATAGCACGAAGGC-1,1
GATAGCACTTGTCT-1,9
GATATAACAAGGTA-1,0
GATATAACACGCAT-1,3
GATATATGCTGGAT-1,9
GATATATGTCCGTC-1,6
GATATATGTGGAGG-1,1
GATATCCTAGAAGT-1,3
GATATCCTCCCGTT-1,1
GATATTGACAGGAG-1,5
GATATTGACGAGTT-1,7
GATATTGAGCCAAT-1,3
GATCCCTGACCTTT-1,8
GATCCCTGTGTAGC-1,6
GATCCGCTGGTCAT-1,1
GATCGAACCGAGAG-1,0
GATCGATGACTAGC-1,2
GATCGATGGTAAAG-1,2
GATCGATGTAAGGA-1,1
GATCGTGACACTAG-1,3
GATCGTGATTCACT-1,0
GATCTACTGGTGAG-1,0
GATCTACTTTGCAG-1,2
GATCTTACACCCAA-1,7
GATCTTACCCTACC-1,0
GATCTTACGAATAG-1,1
GATCTTACGAGATA-1,1
GATGCAACTCCAGA-1,3
GATGCCCTACGTAC-1,0
GATGCCCTCTCATT-1,3
GATGCCCTGGCAAG-1,1
GATGCCCTTTTGCT-1,0
GATTACCTTGTTCT-1,9
GATTCGGAACGACT-1,4
GATTCGGACAGGAG-1,1
GATTCGGAGAAGGC-1,7
GATTCTTGATTCGG-1,1
GATTCTTGCCGATA-1,4
GATTCTTGCGAGTT-1,2
GATTGGACCCGTTC-1,2
GATTGGACGGTGTT-1,2
GATTGGACTTTCGT-1,2
GATTGGTGTGTCAG-1,0
GATTTAGACACTCC-1,7
GATTTAGACTAAGC-1,2
GATTTAGATTCGTT-1,1
GATTTGCTAACGAA-1,3
GATTTGCTAACGGG-1,1
GCAACCCTCCTCGT-1,1
GCAACTGATTGCGA-1,9
GCAAGACTACTGGT-1,0
GCAAGACTAGGTCT-1,0
GCAAGACTCCCTTG-1,0
GCAATCGACTGCAA-1,5
GCAATCGAGACGTT-1,1
GCAATCGATCCTTA-1,1
GCAATTCTCGTGTA-1,0
GCAATTCTTCTCCG-1,0
GCACAAACAATGCC-1,4
GCACAAACGGTACT-1,0
GCACAATGGTGCAT-1,10
GCACACCTGTGCTA-1,8
GCACCACTCATGAC-1,1
GCACCACTGTTTGG-1,1
GCACCACTTCCTTA-1,8
GCACCACTTTCGGA-1,1
GCACCTACGCGATT-1,0
GCACCTTGGCTGTA-1,4
GCACCTTGGGGAGT-1,1
GCACGGACCAGCTA-1,0
GCACGGTGACCTCC-1,3
GCACGGTGCTATGG-1,1
GCACTAGAACGGGA-1,0
GCACTAGAAGATGA-1,2
GCACTAGACCTTTA-1,7
GCACTAGACGTAAC-1,2
GCACTAGAGTCGTA-1,8
GCACTAGATGCAAC-1,0
GCACTGCTGAGGCA-1,5
GCAGATACAGCGTT-1,5
GCAGATACGACGGA-1,0
GCAGATACGCAGAG-1,3
GCAGCCGACAGTCA-1,3
GCAGCGTGCACTCC-1,3
GCAGCTCTCAATCG-1,3
GCAGCTCTGTTTCT-1,0
GCAGGGCTAAGAAC-1,4
GCAGGGCTAAGGGC-1,3
GCAGGGCTATCGAC-1,8
GCAGGGCTTGGGAG-1,5
GCAGTCCTAACTGC-1,4
GCAGTCCTCTCTTA-1,3
GCATCAGATGCGTA-1,5
GCATGTGACAAGCT-1,3
GCATTGGAGAAGGC-1,0
GCCAAAACGAGGCA-1,5
GCCAAATGATCGAC-1,0
GCCAACCTACGGTT-1,3
GCCAACCTCGCCTT-1,4
GCCACGGAGGCGAA-1,1
GCCACGGATACTGG-1,4
GCCACTACCTACTT-1,2
GCCACTACGTCTTT-1,3
GCCCAACTACCGAT-1,3
GCCCAACTATGGTC-1,6
GCCCATACAGCGTT-1,6
GCCGACGAACTCTT-1,1
GCCGAGTGCGTTGA-1,0
GCCGGAACGAACTC-1,6
GCCGGAACGTTCTT-1,8
GCCGGAACTGCACA-1,8
GCCGGAACTTACTC-1,3
GCCGTACTACCTGA-1,4
GCCGTACTGGCAAG-1,1
GCCTACACAGTTCG-1,8
GCCTACACCACTGA-1,7
GCCTACACCTTGAG-1,3
GCCTAGCTACGGAG-1,2
GCCTAGCTCTATTC-1,0
GCCTAGCTTCTCAT-1,3
GCCTAGCTTCTCTA-1,7
GCCTCAACCATGGT-1,9
GCCTCAACTCTTTG-1,6
GCCTCATGTCTTAC-1,5
GCCTGACTCTCAAG-1,1
GCGAAGGAACTCTT-1,5
GCGAAGGAGAGCTT-1,6
GCGAAGGATGCCAA-1,9
GCGAGAGAGGGACA-1,0
GCGAGCACTGTCGA-1,2
GCGAGCACTTGACG-1,9
GCGAGCACTTGCTT-1,1
GCGATATGGTACGT-1,0
GCGATATGGTGTTG-1,4
GCGCACGAAGTCGT-1,9
GCGCACGACTTTAC-1,1
GCGCATCTAGGTCT-1,3
GCGCATCTGGTTAC-1,11
GCGCATCTTCGATG-1,9
GCGCATCTTGCTCC-1,8
GCGCATCTTTCTAC-1,3
GCGCGAACGTTCTT-1,2
GCGCGATGAACGGG-1,3
GCGCGATGGTGCAT-1,8
GCGGAGCTCCTGAA-1,3
GCGGCAACCCGATA-1,0
GCGGCAACGGAGGT-1,2
GCGGCAACTGTCGA-1,1
GCGTAAACACGGTT-1,10
GCGTAATGCACCAA-1,7
GCGTATGAACACCA-1,0
GCGTATGATGAGAA-1,1
GCTACAGAAAGGTA-1,3
GCTACAGAATCTTC-1,2
GCTACAGATCTTAC-1,0
GCTACCTGAGAAGT-1,1
GCTACCTGATCACG-1,3
GCTACGCTAGAATG-1,9
GCTACGCTAGCTAC-1,0
GCTACGCTCCCTAC-1,0
GCTAGAACAGAGGC-1,2
GCTAGAACGGATCT-1,0
GCTAGAACTCCCGT-1,4
GCTAGATGAGCTCA-1,1
GCTAGATGGCGATT-1,6
GCTATACTAAGGCG-1,4
GCTATACTAGCGTT-1,5
GCTATACTCTCTTA-1,9
GCTATACTGGACGA-1,0
GCTCAAGAACCATG-1,7
GCTCAAGAAGTCAC-1,1
GCTCAGCTGTCTAG-1,4
GCTCCATGAGAAGT-1,6
GCTCCATGCCGAAT-1,4
GCTCGACTCTAGTG-1,1
GCTGATGAGGTATC-1,1
GCTTAACTACAGTC-1,1
GCTTAACTACTGGT-1,6
GCTTAACTGCTGAT-1,3
GCTTAACTTAGACC-1,1
GCTTAACTTCAGTG-1,0
GGAACACTCACTTT-1,1
GGAACACTTCAGAC-1,11
GGAACTACTACTTC-1,0
GGAACTTGAAGGTA-1,1
GGAACTTGAGAATG-1,9
GGAACTTGCTCCAC-1,1
GGAACTTGGGTAGG-1,2
GGAAGGACATCGGT-1,1
GGAAGGACCACTAG-1,0
GGAAGGACGAGGGT-1,0
GGAAGGACGCGAAG-1,5
GGAAGGTGGCGAGA-1,8
GGAATCTGAAGGGC-1,0
GGAATCTGAGGAGC-1,0
GGAATCTGCTTAGG-1,2
GGAATCTGCTTGTT-1,1
GGAATCTGGGAGGT-1,0
GGAATGCTTTCTAC-1,3
GGACAGGAAAGGGC-1,5
GGACAGGAGTGCTA-1,2
GGACAGGATCTCGC-1,0
GGACCCGAAGCTAC-1,1
GGACCGTGCTTACT-1,1
GGACCGTGGGAACG-1,10
GGACCGTGTAACGC-1,0
GGACCTCTGTAAGA-1,1
GGACCTCTTTTCTG-1,6
GGACGAGAGTGTCA-1,1
GGACGCTGACGCAT-1,5
GGACGCTGCTAGCA-1,3
GGACGCTGTCCTCG-1,8
GGAGAGACGTGAGG-1,2
GGAGCAGATTCAGG-1,2
GGAGCCACCTTCTA-1,2
GGAGCGCTACGCAT-1,1
GGAGCGCTCCGAAT-1,0
GGAGGATGCCACCT-1,4
GGAGGATGGTTGAC-1,1
GGAGGATGTCAGTG-1,1
GGAGGCCTCGTTGA-1,8
GGAGGCCTTTCTTG-1,3
GGAGGTGATACGCA-1,0
GGAGGTGATCGCTC-1,0
GGATACTGCAGCTA-1,0
GGATACTGTCTAGG-1,0
GGATAGCTCGTCTC-1,0
GGATAGCTCTGAAC-1,6
GGATGTACCAAAGA-1,2
GGATGTACGCGAAG-1,4
GGATGTACGTCTTT-1,1
GGATGTACGTGTCA-1,6
GGATTTCTAGGTTC-1,0
GGATTTCTTTGTCT-1,1
GGCAAGGAAAAAGC-1,8
GGCAAGGAAGAAGT-1,0
GGCAAGGACTTGGA-1,1
GGCAAGGAGGACTT-1,0
GGCAATACGCTAAC-1,2
GGCAATACGGCATT-1,6
GGCAATACGTTTCT-1,2
GGCACGTGGCTTAG-1,7
GGCACGTGTGAGAA-1,2
GGCACTCTTTTGTC-1,0
GGCATATGCTTATC-1,8
GGCATATGGGGAGT-1,11
GGCATATGTGTGAC-1,0
GGCCACGACAGAGG-1,4
GGCCAGACTGGTTG-1,0
GGCCCAGAAAGTAG-1,1
GGCCGAACAACGAA-1,3
GGCCGAACGCAGAG-1,3
GGCCGAACGTAGGG-1,3
GGCCGAACTCTAGG-1,8
GGCCGATGCAGGAG-1,0
GGCCGATGCCGAAT-1,0
GGCCGATGTACTCT-1,4
GGCGACACTGCCCT-1,5
GGCGACTGCGTAAC-1,0
GGCGCATGCCTAAG-1,7
GGCGCATGCTCCAC-1,0
GGCGCATGTGGAAA-1,3
GGCGGACTAGAGGC-1,5
GGCGGACTAGGAGC-1,5
GGCGGACTCTGACA-1,3
GGCGGACTCTTGGA-1,6
GGCGGACTTACTGG-1,9
GGCGGACTTGAACC-1,0
GGCTAAACACCTGA-1,8
GGCTAAACTCTTAC-1,0
GGCTAATGAGCACT-1,6
GGCTAATGGTCTAG-1,3
GGCTCACTACTCAG-1,1
GGGAACGAAGCTCA-1,7
GGGAACGACACAAC-1,2
GGGAACGAGTGTCA-1,1
GGGAAGTGTTGAGC-1,1
GGGACCACACGTTG-1,6
GGGACCACAGAACA-1,3
GGGACCACGAATAG-1,0
GGGACCACGTCATG-1,9
GGGACCACTCAAGC-1,4
GGGACCACTCGTGA-1,3
GGGACCACTGCATG-1,3
GGGACCTGACCCTC-1,1
GGGACCTGCTTGCC-1,3
GGGACCTGTGGAGG-1,2
GGGATGGACGACAT-1,2
GGGATGGATACTTC-1,0
GGGATGGATGGTTG-1,1
GGGATTACGTCTAG-1,3
GGGCAAGATGCATG-1,1
GGGCACACGGTGAG-1,7
GGGCACACGTTGCA-1,0
GGGCAGCTTGGGAG-1,5
GGGCAGCTTTTCTG-1,3
GGGCCAACCTTGGA-1,10
GGGCCAACGCGTTA-1,2
GGGCCAACTACGCA-1,1
GGGCCAACTCCAAG-1,2
GGGCCATGATGGTC-1,0
GGGCCATGTTGACG-1,0
GGGTAACTCAGCTA-1,9
GGGTAACTCTAGTG-1,2
GGGTAACTCTGGAT-1,4
GGGTTAACGTGCAT-1,8
GGTAAAGAGCTAAC-1,6
GGTACAACTGCAAC-1,0
GGTACATGAAAGCA-1,2
GGTACATGAGCTCA-1,0
GGTACATGCGGTAT-1,4
GGTACATGGTTACG-1,3
GGTACATGTGGGAG-1,0
GGTACTGAACTCTT-1,1
GGTAGTACACCACA-1,5
GGTAGTACACTAGC-1,1
GGTAGTACCCTGTC-1,3
GGTAGTACGCCATA-1,1
GGTAGTACTGTCTT-1,5
GGTATCGAGACAAA-1,1
GGTATCGATGAACC-1,2
GGTCAAACCAAAGA-1,0
GGTCTAGAGAAACA-1,1
GGTCTAGATAGCGT-1,1
GGTGATACCGACTA-1,2
GGTGATACGACTAC-1,1
GGTGATACTGTTTC-1,3
GGTGGAGAAACGGG-1,8
GGTGGAGAAGTAGA-1,4
GGTGGAGACAGATC-1,8
GGTGGAGATCGATG-1,0
GGTGGAGATCTCTA-1,1
GGTGGAGATTACTC-1,6
GGTTTACTACGCAT-1,5
GTAACGTGACCTCC-1,1
GTAACGTGATCGGT-1,2
GTAACGTGCAGCTA-1,2
GTAACGTGGTTGAC-1,2
GTAAGCACAACGGG-1,3
GTAAGCACTCATTC-1,2
GTAAGCTGGTACCA-1,1
GTAATAACCTTCTA-1,1
GTAATAACGTTGTG-1,9
GTACCCTGACAGTC-1,7
GTACCCTGGAGCTT-1,3
GTACCCTGTCCTTA-1,6
GTACCCTGTGAACC-1,0
GTACGTGAACGTTG-1,6
GTACTTTGTCGACA-1,5
GTAGACTGAGATGA-1,1
GTAGACTGTATTCC-1,3
GTAGCAACAGTCGT-1,1
GTAGCAACCATTTC-1,2
GTAGCAACGGTAGG-1,1
GTAGCATGCACTCC-1,2
GTAGCATGTAAGCC-1,1
GTAGCCCTGACGTT-1,9
GTAGCTGAAGCTAC-1,7
GTAGCTGAATTCGG-1,0
GTAGGTACACGGGA-1,1
GTAGTGACCTCATT-1,9
GTAGTGTGAGCGGA-1,8
GTAGTGTGAGGCGA-1,1
GTAGTGTGTGGTTG-1,9
GTATCACTGGTAGG-1,1
GTATCTACAGAAGT-1,6
GTATCTACGACGAG-1,6
GTATCTACGTTACG-1,0
GTATTAGAAACAGA-1,0
GTATTAGAGGTCTA-1,4
GTATTCACACAGCT-1,9
GTATTCACGGGTGA-1,6
GTCAACGACACTGA-1,3
GTCAACGAGTGTAC-1,1
GTCAACGATCAGGT-1,4
GTCAATCTACACCA-1,5
GTCAATCTGTAGCT-1,5
GTCAATCTTGTGGT-1,3
GTCACCTGCCTCCA-1,0
GTCACCTGTCCCGT-1,9
GTCATACTAATCGC-1,2
GTCATACTGCGATT-1,6
GTCATACTTCGCCT-1,11
GTCATACTTTACCT-1,6
GTCATACTTTGACG-1,3
GTCCAAGAAAAACG-1,3
GTCCACTGACCTCC-1,9
GTCCACTGGGTACT-1,7
GTCCAGCTACGGGA-1,3
GTCCCATGTGGTGT-1,1
GTCGAATGAAGGCG-1,1
GTCGACCTGAATGA-1,8
GTCGACCTGTTCAG-1,4
GTCGCACTTGAGAA-1,2
GTCTAACTGGTCTA-1,7
GTCTAGGAGCTTCC-1,1
GTGAACACACTCTT-1,4
GTGAACACAGATCC-1,5
GTGAACACTCAGGT-1,0
GTGACCCTTAAGCC-1,5
GTGATGACAAGTGA-1,0
GTGATGACCTGAGT-1,2
GTGATGACGGTTTG-1,5
GTGATTCTCATTTC-1,0
GTGATTCTCTCTCG-1,1
GTGATTCTGGTTCA-1,8
GTGATTCTGTCGAT-1,3
GTGATTCTTAGCGT-1,2
GTGCCACTCAGGAG-1,3
GTGGATTGCACTAG-1,7
GTGGATTGCGGAGA-1,0
GTGGATTGTAACGC-1,3
GTGTACGATCAGTG-1,3
GTGTAGTGGGTACT-1,0
GTGTATCTAGCCTA-1,2
GTGTATCTAGTAGA-1,5
GTGTATCTGTTACG-1,2
GTGTCAGAAGCGTT-1,6
GTGTCAGAATGCTG-1,4
GTTAAAACCGAGAG-1,8
GTTAAAACTTCGCC-1,0
GTTAAATGCTCGAA-1,5
GTTAAATGTCGACA-1,2
GTTAACCTAGCTAC-1,0
GTTAACCTTGCTTT-1,10
GTTAGGTGCACTCC-1,4
GTTAGGTGCCAGTA-1,1
GTTAGGTGCCCAAA-1,7
GTTAGGTGGAACTC-1,2
GTTAGTCTAAGAAC-1,5
GTTATAGAGGACAG-1,9
GTTATGCTTTCATC-1,3
GTTCAACTGGGACA-1,8
GTTCAACTTATGCG-1,9
GTTGACGAGCCCTT-1,6
GTTGACGATATCGG-1,8
GTTGAGTGGTCTTT-1,1
GTTGAGTGTGCTTT-1,0
GTTGATCTGGGACA-1,4
GTTGATCTTTTCAC-1,6
GTTGGATGTTTACC-1,7
GTTGTACTATTCCT-1,1
GTTGTACTTTTGGG-1,9
GTTTAAGACCATGA-1,1
GTTTAAGACTGTCC-1,6
TAAACAACCAACCA-1,0
TAAACAACGAATCC-1,2
TAAAGACTCAGGAG-1,5
TAAATCGATGAGGG-1,0
TAACAATGTGCCCT-1,2
TAACACCTTCGCTC-1,1
TAACACCTTCGTAG-1,1
TAACACCTTGTTTC-1,11
TAACATGACACTAG-1,5
TAACCGGACTTACT-1,4
TAACGTCTCAACCA-1,1
TAACGTCTCATTGG-1,3
TAACTAGAATTTCC-1,0
TAACTAGACTTAGG-1,0
TAACTAGATCTGGA-1,3
TAACTCACGAGGAC-1,1
TAACTCACGTACAC-1,2
TAACTCACGTATCG-1,1
TAACTCACTCTACT-1,8
TAAGAACTGTGTCA-1,1
TAAGAGGACTAAGC-1,2
TAAGAGGACTTGTT-1,8
TAAGATACCCACAA-1,4
TAAGATACGGTTCA-1,1
TAAGATTGCGTAGT-1,9
TAAGATTGTTGCTT-1,0
TAAGCGTGAGGTTC-1,1
TAAGCGTGGACAAA-1,1
TAAGCGTGGGAAAT-1,3
TAAGCGTGTGCTCC-1,7
TAAGGCTGCCATGA-1,0
TAAGGCTGCTGCTC-1,3
TAAGGCTGTCTCGC-1,1
TAAGGGCTGCTGTA-1,0
TAAGGGCTTTACTC-1,0
TAAGTAACCGAGAG-1,2
TAAGTAACCTCCAC-1,2
TAAGTAACCTGTAG-1,0
TAAGTAACTTGTCT-1,4
TAATGATGAGCGGA-1,3
TAATGCCTCATGAC-1,0
TAATGCCTCGTCTC-1,8
TAATGTGAAGATGA-1,3
TAATGTGACTGCAA-1,1
TAATGTGATTACTC-1,5
TACAAATGGGTACT-1,0
TACAATGAAAACAG-1,1
TACAATGACTTAGG-1,4
TACAATGATGCTAG-1,5
TACACACTCACACA-1,3
TACACACTCTTACT-1,0
TACATAGAACGCAT-1,5
TACATCACACGGGA-1,4
TACATCACCTGTTT-1,7
TACATCACGCTAAC-1,2
TACATCACTGAACC-1,7
TACCATTGAGGTTC-1,3
TACCATTGCGGGAA-1,1
TACCATTGGGGATG-1,1
TACCATTGTGAGGG-1,1
TACCGGCTGTTGGT-1,9
TACGAGTGATCTCT-1,3
TACGAGTGATGCTG-1,1
TACGAGTGCGGAGA-1,0
TACGAGTGGTTGGT-1,0
TACGATCTAGTGTC-1,4
TACGATCTCACTGA-1,7
TACGATCTTACGAC-1,6
TACGCAGACGTCTC-1,2
TACGCAGAGAATCC-1,8
TACGCCACATTCCT-1,3
TACGCCACTCCCAC-1,7
TACGCCACTCCGAA-1,2
TACGCGCTCTTCTA-1,6
TACGGAACGCGTTA-1,2
TACGGCCTGGGACA-1,8
TACGGCCTGTCCTC-1,3
TACGTACTACGGAG-1,0
TACGTACTCAGTTG-1,0
TACGTACTCCCGTT-1,2
TACGTTACAGAAGT-1,0
TACGTTACCAAGCT-1,1
TACTAAGAAAGGTA-1,2
TACTAAGAATCACG-1,0
TACTAAGATGATGC-1,1
TACTAAGATTGCGA-1,3
TACTACACGAGAGC-1,0
TACTACACTTACCT-1,2
TACTACTGAACCTG-1,1
TACTACTGATGTCG-1,6
TACTACTGATTCTC-1,3
TACTACTGTATGGC-1,3
TACTCAACGGTCTA-1,1
TACTCAACTGCTAG-1,2
TACTCCCTCAGTTG-1,3
TACTCTGAATCGAC-1,8
TACTCTGACGAGTT-1,0
TACTCTGATTGACG-1,2
TACTGGGATCGATG-1,0
TACTGTTGAAAGCA-1,3
TACTGTTGAGGCGA-1,8
TACTGTTGCTGAAC-1,2
TACTTGACTCCTCG-1,5
TACTTGACTGGTGT-1,2
TACTTTCTTTTGGG-1,5
TAGAAACTAATCGC-1,4
TAGAAACTGCTTCC-1,1
TAGAAACTGGGATG-1,6
TAGAATTGCGACAT-1,4
TAGAATTGTATCGG-1,3
TAGACGTGCTTGAG-1,4
TAGACGTGTCGCTC-1,3
TAGAGCACCTTACT-1,2
TAGATTGACTTGTT-1,2
TAGATTGAGGCATT-1,4
TAGCATCTCAGCTA-1,8
TAGCATCTCCCTCA-1,4
TAGCATCTGCTGTA-1,7
TAGCATCTGGGACA-1,3
TAGCATCTTGTCGA-1,3
TAGCCCACAAAAGC-1,0
TAGCCCACAGCCAT-1,5
TAGCCCACAGCTAC-1,8
TAGCCCACCCACAA-1,3
TAGCCCTGCGGAGA-1,9
TAGCCGCTTACGAC-1,0
TAGCCGCTTACTTC-1,6
TAGCCGCTTTCCAT-1,1
TAGCTACTGAATAG-1,2
TAGCTACTGTAGCT-1,3
TAGCTACTTTTGCT-1,5
TAGGACTGTGCTGA-1,0
TAGGAGCTAAGGCG-1,2
TAGGAGCTGAGGGT-1,0
TAGGAGCTTGCATG-1,2
TAGGCAACCGTCTC-1,2
TAGGCATGCTCTCG-1,2
TAGGCATGGCGAGA-1,6
TAGGCTGATGCCTC-1,1
TAGGGACTGAACTC-1,8
TAGGTCGACACTGA-1,3
TAGGTCGAGGATCT-1,2
TAGGTGACACACTG-1,0
TAGGTGACACGTTG-1,2
TAGGTGTGTTCTGT-1,5
TAGGTTCTGAAGGC-1,0
TAGGTTCTTCTTAC-1,7
TAGGTTCTTGCTGA-1,1
TAGTAAACCTCGCT-1,3
TAGTAAACGTCACA-1,9
TAGTAATGAGATCC-1,3
TAGTACCTAAGAAC-1,1
TAGTATGATCTTAC-1,2
TAGTATGATTCTCA-1,0
TAGTCTTGGCTGTA-1,4
TAGTCTTGGGACTT-1,5
TAGTCTTGTGGAAA-1,5
TAGTGGTGAAGTGA-1,8
TAGTTAGAACCACA-1,8
TAGTTAGATGAACC-1,4
TATAAGACAACAGA-1,4
TATAAGACAGCTCA-1,7
TATAAGTGACACCA-1,7
TATAAGTGTATCGG-1,1
TATAAGTGTGGTGT-1,7
TATACAGAACCCTC-1,6
TATACAGAAGAACA-1,4
TATACAGATCCAGA-1,0
TATACCACCTGATG-1,2
TATACGCTACCAAC-1,4
TATAGATGGACGGA-1,0
TATAGATGTTCCGC-1,7
TATCACTGACTGTG-1,1
TATCCAACCAGCTA-1,1
TATCCAACTCTCTA-1,5
TATCGACTACTAGC-1,8
TATCGACTCGATAC-1,7
TATCGTACAGATGA-1,5
TATCGTACATTCCT-1,1
TATCTCGAGAGATA-1,4
TATCTGACAGGTTC-1,6
TATCTGACTGTTTC-1,5
TATCTTCTAAACAG-1,9
TATGAATGGAGGAC-1,6
TATGAATGTTTGCT-1,7
TATGCGGATAACCG-1,0
TATGGGTGCATCAG-1,8
TATGGGTGCTAGCA-1,2
TATGGTCTCTACCC-1,9
TATGTCACGGAACG-1,2
TATGTCACTAACCG-1,1
TATGTCACTTCTCA-1,2
TATGTGCTCCGATA-1,1
TATGTGCTGGATTC-1,3
TATTGCTGAAGAAC-1,1
TATTGCTGCCGTTC-1,2
TATTGCTGTCTGGA-1,9
TATTGCTGTGCACA-1,5
TATTTCCTATTGGC-1,1
TATTTCCTGGAGGT-1,8
TATTTCCTGGTGTT-1,3
TCAACACTGTTTGG-1,8
TCAAGGACAGCGTT-1,3
TCAAGGACATTCTC-1,6
TCAAGGACGGTGTT-1,1
TCAATCACACTCTT-1,6
TCAATCACAGTCGT-1,7
TCACAACTATGTGC-1,0
TCACAACTTTGCTT-1,1
TCACATACACTTTC-1,5
TCACATACAGGGTG-1,3
TCACCCGAGACGGA-1,1
TCACCGTGCTCGCT-1,7
TCACCTCTACGACT-1,5
TCACCTCTTCCAAG-1,7
TCACGAGAGGAGGT-1,2
TCACTATGGGGCAA-1,6
TCACTATGGTTGTG-1,2
TCAGACGACGCTAA-1,0
TCAGACGACGTTAG-1,8
TCAGAGACTCCAGA-1,4
TCAGCAGACTCCAC-1,0
TCAGCGCTCTAGTG-1,5
TCAGCGCTGGATCT-1,2
TCAGCGCTGGTATC-1,5
TCAGGATGAAGTAG-1,3
TCAGGATGCCTTTA-1,7
TCAGTGGAAGATCC-1,6
TCAGTTACCTACGA-1,1
TCAGTTACTAGAAG-1,0
TCATCAACCCGATA-1,3
TCATCAACTGTTCT-1,1
TCATCATGCAGTTG-1,3
TCATCCCTTACTGG-1,0
TCATTCGATACAGC-1,7
TCCACGTGGAAACA-1,9
TCCACTCTACACTG-1,0
TCCACTCTGAGCTT-1,1
TCCACTCTTACTTC-1,2
TCCATAACAAAGTG-1,3
TCCATAACCGTAGT-1,2
TCCATAACGATGAA-1,0
TCCATAACTACGCA-1,3
TCCATCCTCCCTAC-1,6
TCCCACGATCATTC-1,3
TCCCATCTCAAAGA-1,1
TCCCGAACACAGTC-1,8
TCCCGAACTTCGCC-1,7
TCCCGATGAGATCC-1,0
TCCCGATGCCTGAA-1,1
TCCCGATGCTGTGA-1,5
TCCCTACTCAACTG-1,2
TCCGAAGACAATCG-1,1
TCCGAAGACGTTAG-1,0
TCCGGACTGAGGTG-1,0
TCCGGACTGTACGT-1,5
TCCTAAACATCGAC-1,4
TCCTAAACCGAGAG-1,0
TCCTAAACCGCATA-1,8
TCCTAATGGTTTGG-1,6
TCCTACCTGTCGTA-1,0
TCCTATGAAAAGCA-1,6
TCGAATCTCTGGTA-1,6
TCGACCTGCCGATA-1,7
TCGACGCTTCTATC-1,1
TCGACGCTTTGACG-1,0
TCGAGAACGACAGG-1,3
TCGAGAACGTTAGC-1,0
TCGAGCCTATCAGC-1,2
TCGAGCCTGCGAGA-1,5
TCGAGCCTTGTGAC-1,9
TCGATACTATTCCT-1,5
TCGATACTTGCACA-1,0
TCGATTTGATGCCA-1,1
TCGATTTGCACTCC-1,3
TCGATTTGCAGCTA-1,8
TCGATTTGCCTACC-1,1
TCGATTTGTCGTGA-1,2
TCGCACACCATCAG-1,1
TCGCAGCTAGATCC-1,5
TCGCCATGAGACTC-1,3
TCGCCATGTGGTCA-1,2
TCGGACCTAACAGA-1,0
TCGGACCTATAAGG-1,2
TCGGACCTGTACAC-1,0
TCGGTAGAGTAGGG-1,3
TCGGTAGATCCCAC-1,2
TCGTAGGATCGACA-1,0
TCGTGAGAACTGTG-1,2
TCGTTATGGACAAA-1,5
TCTAACACCAGTTG-1,8
TCTAACACGAGCAG-1,10
TCTAACTGAACCAC-1,0
TCTAAGCTAATGCC-1,4
TCTAAGCTTAGTCG-1,6
TCTAAGCTTCTAGG-1,7
TCTAAGCTTGTTCT-1,1
TCTAAGCTTTCGCC-1,2
TCTACAACGACTAC-1,1
TCTAGACTTAGAAG-1,1
TCTAGTTGCACCAA-1,1
TCTATGTGAAGAGT-1,1
TCTATGTGAGTCTG-1,5
TCTCAAACCTAAGC-1,2
TCTCTAGAATTTCC-1,0
TCTGATACACGTGT-1,3
TCTGATACTCGCCT-1,3
TCTTACGAACCTGA-1,1
TCTTCAGAGCTACA-1,1
TCTTGATGCGGAGA-1,6
TGAAATTGGTGAGG-1,1
TGAACCGAAAACGA-1,4
TGAACCGACTACTT-1,7
TGAACCGATTCGGA-1,7
TGAAGCACTCACGA-1,5
TGAAGCTGAACGAA-1,3
TGAAGCTGAGACTC-1,4
TGAAGCTGCATGGT-1,2
TGAAGCTGCGTAAC-1,3
TGAATAACCACTTT-1,9
TGAATAACTCCCAC-1,6
TGACACGACCTTAT-1,2
TGACCAGACAACCA-1,0
TGACCAGAGGATTC-1,9
TGACCGCTAAAAGC-1,0
TGACCGCTCTGCAA-1,4
TGACGATGCAAAGA-1,1
TGACGCCTGTACCA-1,0
TGACGCCTTTACTC-1,0
TGACTGGAAGAGAT-1,1
TGACTGGACCGTAA-1,0
TGACTGGACGCAAT-1,4
TGACTGGAGGACAG-1,2
TGACTGGATTCTCA-1,0
TGACTTACACACCA-1,0
TGACTTACAGTCTG-1,1
TGACTTTGCGCATA-1,9
TGACTTTGTTTGTC-1,0
TGAGACACAAGGTA-1,0
TGAGACACTCAAGC-1,5
TGAGACACTGTGCA-1,4
TGAGCTGAATGCTG-1,7
TGAGCTGACTGGAT-1,1
TGAGCTGAGCGAGA-1,4
TGAGCTGATGCTAG-1,1
TGAGGACTCTCATT-1,1
TGAGGACTTCATTC-1,0
TGAGGTACGAACCT-1,7
TGAGTCGAGTTACG-1,2
TGAGTGACTGAGCT-1,3
TGATAAACGAATCC-1,0
TGATAAACTCCGTC-1,8
TGATAAACTTTCAC-1,3
TGATACCTCACTAG-1,1
TGATACCTGTTGGT-1,0
TGATACCTTATGCG-1,9
TGATACCTTGAAGA-1,3
TGATATGAACCTTT-1,9
TGATCACTAGCATC-1,5
TGATCACTCTCGCT-1,3
TGATCACTTCTACT-1,2
TGATCGGACTGACA-1,7
TGATCGGAGGAGCA-1,2
TGATCGGATATGCG-1,7
TGATTAGACATTGG-1,0
TGATTAGATGACTG-1,2
TGATTAGATGCTAG-1,9
TGATTCACTATGCG-1,9
TGATTCACTGTCAG-1,2
TGATTCTGCCGAAT-1,0
TGATTCTGCTCTTA-1,0
TGCAAGTGAGAACA-1,0
TGCAAGTGGGTAGG-1,1
TGCAATCTTCAGGT-1,10
TGCACAGACGACAT-1,8
TGCCAAGAGCAGTT-1,7
TGCCAAGATCTCTA-1,0
TGCCACTGAACGTC-1,0
TGCCACTGCGATAC-1,8
TGCCAGCTTGGCAT-1,0
TGCCCAACAGCAAA-1,3
TGCCCAACCGCATA-1,7
TGCCGACTCTCCCA-1,2
TGCGAAACAGTCAC-1,2
TGCGAAACGTTGCA-1,2
TGCGATGAACGGTT-1,0
TGCGATGACCTCGT-1,3
TGCGATGACTAGTG-1,2
TGCGATGACTGCTC-1,2
TGCGATGACTTGCC-1,2
TGCGATGAGTGCTA-1,1
TGCGCACTCTTGAG-1,1
TGCGTAGAATAAGG-1,1
TGCGTAGACGGGAA-1,2
TGCGTAGATGGTCA-1,7
TGCTAGGAAACCGT-1,5
TGCTAGGATAGTCG-1,3
TGCTATACGGTTCA-1,1
TGCTATACTGCTGA-1,5
TGCTGAGAGAGCAG-1,8
TGCTGAGATTATCC-1,3
TGGAAAGACTCTCG-1,2
TGGAAAGAGCGATT-1,0
TGGAAAGAGGTCAT-1,7
TGGAAAGATATGGC-1,4
TGGAACACAAACAG-1,8
TGGAACACGCTAAC-1,5
TGGAAGCTCAGATC-1,4
TGGACCCTACACTG-1,1
TGGACCCTCATGGT-1,5
TGGACCCTGGTACT-1,1
TGGACTGAGTATGC-1,0
TGGAGACTATCAGC-1,1
TGGAGACTGAAACA-1,4
TGGAGACTTCAAGC-1,3
TGGAGACTTGACCA-1,6
TGGAGGGACGGAGA-1,1
TGGAGGGAGCTATG-1,4
TGGATCGATAAAGG-1,3
TGGATGTGACCTAG-1,2
TGGATGTGATGTCG-1,5
TGGATGTGTGAAGA-1,2
TGGATTCTCATACG-1,5
TGGCAATGCTTGTT-1,2
TGGCAATGGAGGGT-1,5
TGGCACCTTCACGA-1,4
TGGCACCTTCAGTG-1,1
TGGGTATGAAGAGT-1,0
TGGGTATGCACAAC-1,0
TGGGTATGGTACGT-1,2
TGGGTATGTTTGGG-1,1
TGGTAGACATGCCA-1,0
TGGTAGACCCTCAC-1,8
TGGTAGACCTGATG-1,0
TGGTAGTGCACTGA-1,7
TGGTATCTAAACAG-1,9
TGGTATCTCTTCCG-1,3
TGGTCAGACCCAAA-1,3
TGGTCAGACCGTTC-1,8
TGGTTACTGACGTT-1,1
TGGTTACTGTTCTT-1,9
TGTAACCTAGAGGC-1,0
TGTAACCTTGCCTC-1,1
TGTAATGACACAAC-1,8
TGTAATGAGGTAAA-1,8
TGTACTTGCTCTAT-1,7
TGTAGGTGCGAGAG-1,2
TGTAGGTGCTATGG-1,0
TGTAGGTGCTCTAT-1,10
TGTAGGTGTGCTGA-1,3
TGTAGTCTTCCAGA-1,3
TGTAGTCTTGCACA-1,5
TGTATCTGTTAGGC-1,0
TGTATGCTCATGGT-1,2
TGTATGCTGTAGGG-1,4
TGTATGCTTTCATC-1,4
TGTCAGGAATACCG-1,9
TGTCAGGAGATGAA-1,7
TGTCTAACCCCTTG-1,4
TGTGACGATTCTCA-1,6
TGTGAGACTGTCAG-1,7
TGTGAGACTTGAGC-1,0
TGTGAGTGACCACA-1,3
TGTGAGTGAGTGCT-1,7
TGTGAGTGGAGATA-1,6
TGTGATCTCTCTAT-1,2
TGTGATCTGACACT-1,4
TGTGGATGGCCAAT-1,2
TGTTAAGACAAAGA-1,1
TGTTAAGATAAGGA-1,1
TGTTAAGATTGGCA-1,1
TGTTACACCGCATA-1,7
TGTTACACGACTAC-1,1
TGTTACTGGCTACA-1,5
TGTTACTGTAGTCG-1,6
TTAACCACCGTAAC-1,5
TTAACCACTAAGGA-1,6
TTAACCACTCAGAC-1,5
TTACACACGTGTTG-1,0
TTACACACTCCTAT-1,3
TTACCATGAATCGC-1,1
TTACCATGGTTGAC-1,3
TTACCATGTGTCTT-1,5
TTACCATGTTGTGG-1,2
TTACGACTGAGAGC-1,0
TTACGACTTGACAC-1,1
TTACGTACGTTCAG-1,11
TTACTCGAACGTTG-1,6
TTACTCGAAGAATG-1,1
TTACTCGACGCAAT-1,10
TTACTCGAGGGTGA-1,3
TTACTCGATCTACT-1,8
TTAGAATGTGGTGT-1,3
TTAGAATGTGTAGC-1,4
TTAGACCTCCTACC-1,3
TTAGACCTCCTTTA-1,1
TTAGCTACAACCGT-1,9
TTAGCTACTGTCCC-1,1
TTAGCTACTTTCGT-1,0
TTAGGGACGCGAAG-1,5
TTAGGGTGCTGGAT-1,2
TTAGGGTGTCCTGC-1,1
TTAGGTCTACTTTC-1,1
TTAGTCACCAGTTG-1,0
TTAGTCTGAAAGCA-1,2
TTAGTCTGCCAACA-1,8
TTAGTCTGTGCACA-1,0
TTATCCGACTAGTG-1,2
TTATCCGAGAAAGT-1,1
TTATGAGAGATAAG-1,3
TTATGCACGTCACA-1,2
TTATGGCTTATGGC-1,10
TTATTCCTATGCTG-1,1
TTATTCCTGGACAG-1,2
TTATTCCTGGTACT-1,2
TTATTCCTTCGTGA-1,0
TTCAAAGATAAAGG-1,5
TTCAACACAACAGA-1,3
TTCAACACCCCAAA-1,1
TTCAACACGGACGA-1,7
TTCAAGCTAAGAAC-1,1
TTCAAGCTAGATGA-1,0
TTCAAGCTGTTGAC-1,0
TTCAAGCTTCCAAG-1,4
TTCAAGCTTGATGC-1,4
TTCAAGCTTTCGCC-1,9
TTCACAACCCGTTC-1,1
TTCACAACGTCTGA-1,7
TTCAGACTACCCAA-1,4
TTCAGACTCTCGAA-1,3
TTCAGTACCGACTA-1,0
TTCAGTACTCAAGC-1,0
TTCAGTACTCCTAT-1,1
TTCAGTTGCCAAGT-1,0
TTCAGTTGTCCTTA-1,10
TTCAGTTGTCTAGG-1,4
TTCAGTTGTCTCGC-1,2
TTCATCGAGGTGGA-1,1
TTCATGTGTGGTGT-1,4
TTCATTCTATGTCG-1,1
TTCATTCTTCTCTA-1,4
TTCCAAACCTATGG-1,1
TTCCAAACCTCCCA-1,2
TTCCAAACTCCCAC-1,8
TTCCAAACTTGACG-1,6
TTCCATGACGAGAG-1,1
TTCCATGACTGTCC-1,4
TTCCCACTTGAGGG-1,8
TTCCCACTTGTCTT-1,1
TTCCTAGAAAGTGA-1,3
TTCCTAGACTAGTG-1,7
TTCGAGGACTCTAT-1,0
TTCGAGGAGGGCAA-1,0
TTCGAGGATAGAAG-1,7
TTCGATTGAGCATC-1,0
TTCGGAGAATGCCA-1,1
TTCGGAGATGTGCA-1,3
TTCGTATGAAAAGC-1,6
TTCGTATGGATAGA-1,6
TTCGTATGGTCTGA-1,3
TTCGTATGTCCTTA-1,1
TTCTACGAACGTAC-1,3
TTCTACGAGTTGGT-1,0
TTCTAGTGACACGT-1,0
TTCTAGTGCATGAC-1,1
TTCTAGTGGAGAGC-1,8
TTCTAGTGGTCACA-1,1
TTCTCAGAAGAGAT-1,0
TTCTCAGAAGCATC-1,2
TTCTCAGATGGAGG-1,0
TTCTGATGGAGACG-1,8
TTCTTACTCTGGAT-1,7
TTGAACCTCCTTGC-1,2
TTGAATGAACTACG-1,7
TTGAATGACTTACT-1,3
TTGAATGATCTCAT-1,2
TTGACACTCTGTAG-1,0
TTGACACTGATAAG-1,2
TTGAGGACAGAACA-1,1
TTGAGGACTACGCA-1,10
TTGAGGTGGACGGA-1,3
TTGCATTGAGCTAC-1,6
TTGCATTGCTAAGC-1,1
TTGCATTGTGACTG-1,0
TTGCTAACACCAAC-1,6
TTGCTAACACGCTA-1,7
TTGCTAACCACTCC-1,9
TTGCTATGGTACGT-1,1
TTGCTATGGTAGGG-1,7
TTGGAGACCAATCG-1,0
TTGGAGACGCTATG-1,1
TTGGAGACTATGGC-1,2
TTGGGAACTGAACC-1,9
TTGGTACTACTGGT-1,1
TTGGTACTCTTAGG-1,3
TTGGTACTGAATCC-1,2
TTGGTACTGGATTC-1,2
TTGTACACGTTGTG-1,2
TTGTACACTTGCAG-1,0
TTGTAGCTAGCTCA-1,0
TTGTAGCTCTCTTA-1,2
TTGTCATGGACGGA-1,8
TTTAGAGATCCTCG-1,2
TTTAGCTGATACCG-1,9
TTTAGCTGGATACC-1,1
TTTAGCTGTACTCT-1,10
TTTAGGCTCCTTTA-1,1
TTTATCCTGTTGTG-1,1
TTTCACGAGGTTCA-1,3
TTTCAGTGGAAGGC-1,4
TTTCAGTGTCACGA-1,2
TTTCAGTGTCTATC-1,1
TTTCAGTGTGCAGT-1,2
TTTCCAGAGGTGAG-1,0
TTTCGAACACCTGA-1,2
TTTCGAACTCTCAT-1,1
TTTCTACTGAGGCA-1,2
TTTCTACTTCCTCG-1,2
TTTGCATGAGAGGC-1,2
TTTGCATGCCTCAC-1,3
